-- MySQL dump 10.13  Distrib 8.0.21, for Win64 (x86_64)
--
-- Host: localhost    Database: scoc_konter_old
-- ------------------------------------------------------
-- Server version	5.7.26

/*!40101 SET @OLD_CHARACTER_SET_CLIENT=@@CHARACTER_SET_CLIENT */;
/*!40101 SET @OLD_CHARACTER_SET_RESULTS=@@CHARACTER_SET_RESULTS */;
/*!40101 SET @OLD_COLLATION_CONNECTION=@@COLLATION_CONNECTION */;
/*!50503 SET NAMES utf8 */;
/*!40103 SET @OLD_TIME_ZONE=@@TIME_ZONE */;
/*!40103 SET TIME_ZONE='+00:00' */;
/*!40014 SET @OLD_UNIQUE_CHECKS=@@UNIQUE_CHECKS, UNIQUE_CHECKS=0 */;
/*!40014 SET @OLD_FOREIGN_KEY_CHECKS=@@FOREIGN_KEY_CHECKS, FOREIGN_KEY_CHECKS=0 */;
/*!40101 SET @OLD_SQL_MODE=@@SQL_MODE, SQL_MODE='NO_AUTO_VALUE_ON_ZERO' */;
/*!40111 SET @OLD_SQL_NOTES=@@SQL_NOTES, SQL_NOTES=0 */;

--
-- Table structure for table `item_category`
--

DROP TABLE IF EXISTS `item_category`;
/*!40101 SET @saved_cs_client     = @@character_set_client */;
/*!50503 SET character_set_client = utf8mb4 */;
CREATE TABLE `item_category` (
  `id` int(11) NOT NULL AUTO_INCREMENT,
  `item_type_id` int(11) NOT NULL,
  `name` varchar(50) NOT NULL,
  `deleted_at` datetime DEFAULT NULL,
  PRIMARY KEY (`id`),
  KEY `item_type_id` (`item_type_id`)
) ENGINE=InnoDB AUTO_INCREMENT=190 DEFAULT CHARSET=latin1;
/*!40101 SET character_set_client = @saved_cs_client */;

--
-- Dumping data for table `item_category`
--

LOCK TABLES `item_category` WRITE;
/*!40000 ALTER TABLE `item_category` DISABLE KEYS */;
INSERT INTO `item_category` VALUES (1,2,'Simpati',NULL),(2,2,'Indosat',NULL),(3,2,'XL',NULL),(4,2,'Axis',NULL),(5,2,'Smartfreen',NULL),(6,2,'Three',NULL),(7,3,'Simpati',NULL),(8,3,'Indosat',NULL),(9,3,'XL',NULL),(10,3,'Axis',NULL),(11,3,'Smartfreen',NULL),(12,3,'Three',NULL),(14,1,'headphone',NULL),(15,1,'headfree',NULL),(16,1,'dll',NULL),(17,1,'power bank',NULL),(18,1,'usb',NULL),(19,1,'tc',NULL),(20,1,'saver',NULL),(21,1,'flashdisk',NULL),(22,1,'mmc',NULL),(23,1,'adaptor',NULL),(24,1,'speaker',NULL),(25,1,'tg',NULL),(26,1,'softcase',NULL),(27,0,'',NULL),(28,0,'',NULL),(29,0,'',NULL),(30,0,'',NULL),(31,0,'',NULL),(32,0,'',NULL),(33,0,'',NULL),(34,0,'',NULL),(35,0,'',NULL),(36,0,'',NULL),(37,0,'',NULL),(38,0,'',NULL),(39,0,'',NULL),(40,0,'',NULL),(41,0,'',NULL),(42,0,'',NULL),(43,0,'',NULL),(44,0,'',NULL),(45,0,'',NULL),(46,0,'',NULL),(47,0,'',NULL),(48,0,'',NULL),(49,0,'',NULL),(50,0,'',NULL),(51,0,'',NULL),(52,0,'',NULL),(53,0,'',NULL),(54,0,'',NULL),(55,0,'',NULL),(56,0,'',NULL),(57,0,'',NULL),(58,0,'',NULL),(59,0,'',NULL),(60,0,'',NULL),(61,0,'',NULL),(62,0,'',NULL),(63,0,'',NULL),(64,0,'',NULL),(65,0,'',NULL),(66,0,'',NULL),(67,0,'',NULL),(68,0,'',NULL),(69,0,'',NULL),(70,0,'',NULL),(71,0,'',NULL),(72,0,'',NULL),(73,0,'',NULL),(74,0,'',NULL),(75,0,'',NULL),(76,0,'',NULL),(77,0,'',NULL),(78,0,'',NULL),(79,0,'',NULL),(80,0,'',NULL),(81,0,'',NULL),(82,0,'',NULL),(83,0,'',NULL),(84,0,'',NULL),(85,0,'',NULL),(86,0,'',NULL),(87,0,'',NULL),(88,0,'',NULL),(89,0,'',NULL),(90,0,'',NULL),(91,0,'',NULL),(92,0,'',NULL),(93,0,'',NULL),(94,0,'',NULL),(95,0,'',NULL),(96,0,'',NULL),(97,0,'',NULL),(98,0,'',NULL),(99,0,'',NULL),(100,0,'',NULL),(101,0,'',NULL),(102,0,'',NULL),(103,0,'',NULL),(104,0,'',NULL),(105,0,'',NULL),(106,0,'',NULL),(107,0,'',NULL),(108,0,'',NULL),(109,0,'',NULL),(110,0,'',NULL),(111,0,'',NULL),(112,0,'',NULL),(113,0,'',NULL),(114,0,'',NULL),(115,0,'',NULL),(116,0,'',NULL),(117,0,'',NULL),(118,0,'',NULL),(119,0,'',NULL),(120,0,'',NULL),(121,0,'',NULL),(122,0,'',NULL),(123,0,'',NULL),(124,0,'',NULL),(125,0,'',NULL),(126,0,'',NULL),(127,0,'',NULL),(128,0,'',NULL),(129,0,'',NULL),(130,0,'',NULL),(131,0,'',NULL),(132,0,'',NULL),(133,0,'',NULL),(134,0,'',NULL),(135,0,'',NULL),(136,0,'',NULL),(137,0,'',NULL),(138,0,'',NULL),(139,0,'',NULL),(140,0,'',NULL),(141,0,'',NULL),(142,0,'',NULL),(143,0,'',NULL),(144,0,'',NULL),(145,0,'',NULL),(146,0,'',NULL),(147,0,'',NULL),(148,0,'',NULL),(149,0,'',NULL),(150,0,'',NULL),(151,0,'',NULL),(152,0,'',NULL),(153,0,'',NULL),(154,0,'',NULL),(155,0,'',NULL),(156,0,'',NULL),(157,0,'',NULL),(158,0,'',NULL),(159,0,'',NULL),(160,0,'',NULL),(161,0,'',NULL),(162,0,'',NULL),(163,0,'',NULL),(164,0,'',NULL),(165,0,'',NULL),(166,0,'',NULL),(167,0,'',NULL),(168,0,'',NULL),(169,0,'',NULL),(170,0,'',NULL),(171,0,'',NULL),(172,0,'',NULL),(173,0,'',NULL),(174,0,'',NULL),(175,0,'',NULL),(176,0,'',NULL),(177,0,'',NULL),(178,0,'',NULL),(179,0,'',NULL),(180,0,'',NULL),(181,0,'',NULL),(182,0,'',NULL),(183,0,'',NULL),(184,0,'',NULL),(185,0,'',NULL),(186,0,'',NULL),(187,0,'',NULL),(188,0,'',NULL),(189,0,'',NULL);
/*!40000 ALTER TABLE `item_category` ENABLE KEYS */;
UNLOCK TABLES;

--
-- Table structure for table `item_outlet`
--

DROP TABLE IF EXISTS `item_outlet`;
/*!40101 SET @saved_cs_client     = @@character_set_client */;
/*!50503 SET character_set_client = utf8mb4 */;
CREATE TABLE `item_outlet` (
  `id` int(11) NOT NULL AUTO_INCREMENT,
  `item_outlet_category_id` int(11) NOT NULL,
  `name` text NOT NULL,
  `unit` text NOT NULL,
  `modal` int(11) NOT NULL,
  `cost` int(7) NOT NULL,
  `discount` int(2) NOT NULL,
  `many` int(3) NOT NULL,
  `updated_at` datetime NOT NULL DEFAULT CURRENT_TIMESTAMP,
  `deleted_at` datetime DEFAULT NULL,
  PRIMARY KEY (`id`),
  KEY `item_outlet_category_id` (`item_outlet_category_id`)
) ENGINE=InnoDB AUTO_INCREMENT=217 DEFAULT CHARSET=latin1;
/*!40101 SET character_set_client = @saved_cs_client */;

--
-- Dumping data for table `item_outlet`
--

LOCK TABLES `item_outlet` WRITE;
/*!40000 ALTER TABLE `item_outlet` DISABLE KEYS */;
INSERT INTO `item_outlet` VALUES (1,1,'5','unit',5300,6000,0,0,'2019-07-01 00:40:32',NULL),(2,1,'10','unit',10300,11000,0,19,'2019-07-01 00:40:32',NULL),(3,1,'20','unit',19800,21000,0,0,'2019-07-01 00:40:32',NULL),(4,3,'5','unit',5650,6000,0,0,'2019-07-01 00:40:32','2019-09-05 01:02:03'),(5,3,'10','unit',10650,11000,0,0,'2019-07-01 00:40:32',NULL),(36,1,'25','bluk',25000,26000,0,-14,'2019-07-01 00:40:32',NULL),(37,1,'50','bluk',50000,51000,0,-11,'2019-07-01 00:40:32',NULL),(38,1,'100','bluk',100000,101000,0,-10,'2019-07-01 00:40:32',NULL),(39,3,'25','bluk',25000,26000,0,-7,'2019-07-01 00:40:32',NULL),(40,3,'50','bluk',50000,51000,0,0,'2019-07-01 00:40:32',NULL),(41,3,'100','bluk',100000,101000,0,0,'2019-07-01 00:40:32',NULL),(42,2,'5','bluk',5750,6000,0,0,'2019-07-01 00:40:32',NULL),(43,2,'10','bluk',10750,11000,0,0,'2019-07-01 00:40:32',NULL),(44,2,'25','bluk',25000,26000,0,0,'2019-07-01 00:40:32','2019-09-05 01:44:32'),(45,2,'50','bluk',49000,51000,0,0,'2019-07-01 00:40:32',NULL),(46,2,'100','bluk',97000,101000,0,0,'2019-07-01 00:40:32',NULL),(47,4,'5','bluk',5000,6000,0,0,'2019-07-01 00:40:32',NULL),(48,4,'10','bluk',10000,11000,0,0,'2019-07-01 00:40:32',NULL),(49,4,'20','bluk',20000,21000,0,0,'2019-07-01 00:40:32',NULL),(50,4,'25','bluk',25000,26000,0,0,'2019-07-01 00:40:32',NULL),(51,4,'30','bluk',30000,32000,0,0,'2019-07-01 00:40:32',NULL),(52,4,'40','bluk',40000,42000,0,0,'2019-07-01 00:40:32',NULL),(53,4,'50','bluk',50000,51000,0,0,'2019-07-01 00:40:32',NULL),(54,4,'60','bluk',60000,62000,0,0,'2019-07-01 00:40:32',NULL),(55,4,'70','bluk',70000,72000,0,0,'2019-07-01 00:40:32',NULL),(56,4,'100','bluk',10000,101000,0,0,'2019-07-01 00:40:32',NULL),(57,5,'5','bluk',5306,6000,0,0,'2019-07-01 00:40:32',NULL),(58,5,'10','bluk',10218,11000,0,0,'2019-07-01 00:40:32',NULL),(59,5,'20','bluk',19650,21000,0,0,'2019-07-01 00:40:32',NULL),(60,5,'50','bluk',49125,51000,0,0,'2019-07-01 00:40:32',NULL),(61,5,'100','bluk',98250,101000,0,0,'2019-07-01 00:40:32',NULL),(62,6,'20','bluk',21000,23000,0,0,'2019-07-01 00:40:32',NULL),(63,6,'50','bluk',51000,53000,0,0,'2019-07-01 00:40:32',NULL),(64,6,'100','bluk',101000,103000,0,0,'2019-07-01 00:40:32',NULL),(65,6,'200','bluk',201000,203000,0,0,'2019-07-01 00:40:32',NULL),(66,4,'65','bluk',65000,68000,0,0,'2019-07-01 00:40:32',NULL),(67,5,'Janet','bluk',1650,1650,0,0,'2019-07-01 00:40:32',NULL),(69,7,'100','bluk',100000,101000,0,0,'2019-07-01 13:11:54',NULL),(70,10,'100','bluk',100000,101000,0,0,'2019-07-02 07:12:21',NULL),(71,4,'45','bluk',45000,48000,0,0,'2019-08-07 04:53:57',NULL),(104,3,'5(Rp)','unit',0,0,0,0,'2019-08-01 10:14:38',NULL),(105,3,'5(rp)','bluk',5850,6000,0,0,'2019-08-01 10:16:36',NULL),(106,3,'10(rp)','bluk',10850,11000,0,0,'2019-08-01 10:17:12',NULL),(107,7,'25','bluk',25000,26000,0,0,'2019-08-01 10:56:49',NULL),(108,7,'50','bluk',50000,51000,0,0,'2019-08-01 10:57:09',NULL),(109,10,'5','bluk',5000,6000,0,0,'2019-08-01 11:02:17',NULL),(110,10,'10','bluk',10000,11000,0,0,'2019-08-01 11:02:36',NULL),(111,10,'15','bluk',15000,17000,0,0,'2019-08-01 11:03:09',NULL),(112,10,'20','bluk',20000,21000,0,0,'2019-08-01 11:03:28',NULL),(113,10,'25','bluk',25000,26000,0,0,'2019-08-01 11:03:50',NULL),(114,10,'30','bluk',30000,32000,0,0,'2019-08-01 11:04:12',NULL),(115,10,'40','bluk',40000,42000,0,0,'2019-08-01 11:04:33',NULL),(116,10,'45','bluk',45000,47000,0,0,'2019-08-01 11:04:51',NULL),(117,10,'50','bluk',50000,51000,0,0,'2019-08-01 11:05:08',NULL),(118,10,'60','bluk',60000,62000,0,0,'2019-08-01 11:05:32',NULL),(119,10,'70','bluk',70000,72000,0,0,'2019-08-01 11:05:57',NULL),(120,8,'5','bluk',5750,6000,0,0,'2019-08-01 11:06:25',NULL),(121,8,'10','bluk',10750,11000,0,0,'2019-08-01 11:06:49',NULL),(122,8,'25','bluk',25000,26000,0,0,'2019-08-01 11:07:08',NULL),(123,8,'50','bluk',49000,51000,0,0,'2019-08-01 11:07:27',NULL),(124,8,'100','bluk',97000,101000,0,0,'2019-08-01 11:07:46',NULL),(125,9,'5(rp)','bluk',5850,6000,0,0,'2019-08-01 11:08:28',NULL),(126,9,'10(rp)','bluk',10850,11000,0,0,'2019-08-01 11:08:47',NULL),(127,9,'25','bluk',25000,26000,0,0,'2019-08-01 11:09:13',NULL),(129,9,'50','bluk',50000,51000,0,0,'2019-08-01 11:11:51',NULL),(130,9,'100','bluk',100000,101000,0,0,'2019-08-01 11:12:19',NULL),(131,11,'5','bluk',5306,6000,0,0,'2019-08-01 11:12:47',NULL),(132,11,'10','bluk',10218,11000,0,0,'2019-08-01 11:13:11',NULL),(133,11,'20','bluk',19650,21000,0,0,'2019-08-01 11:13:38',NULL),(134,11,'50','bluk',49125,51000,0,0,'2019-08-01 11:14:04',NULL),(135,11,'100','bluk',98250,101000,0,0,'2019-08-01 11:15:25',NULL),(136,11,'janet','bluk',1650,1650,0,0,'2019-08-01 11:16:33',NULL),(137,12,'20','bluk',21000,23000,0,0,'2019-08-01 11:17:10',NULL),(138,12,'50','bluk',51000,53000,0,0,'2019-08-01 11:17:38',NULL),(139,12,'100','bluk',101000,103000,0,0,'2019-08-01 11:18:10',NULL),(140,12,'200','bluk',201000,203000,0,0,'2019-08-01 11:18:29',NULL),(141,7,'5','unit',5400,6000,0,42,'2019-08-01 11:22:11',NULL),(142,7,'10','unit',10400,11000,0,66,'2019-08-01 11:22:24',NULL),(143,7,'20','unit',19850,21000,0,12,'2019-08-01 11:22:41',NULL),(144,9,'5','unit',5650,6000,0,0,'2019-08-01 11:23:21',NULL),(145,9,'10','unit',10650,11000,0,0,'2019-08-01 11:23:40',NULL),(146,13,'5','unit',5400,6000,0,37,'2019-08-01 11:24:05',NULL),(147,13,'10','unit',10400,11000,0,43,'2019-08-01 11:24:18',NULL),(148,13,'20','unit',19850,21000,0,12,'2019-08-01 11:24:32',NULL),(149,15,'5','unit',5650,6000,0,47,'2019-08-01 11:26:32',NULL),(150,15,'10','unit',10650,11000,0,79,'2019-08-01 11:26:52',NULL),(151,13,'25','bluk',25000,26000,0,0,'2019-08-01 11:27:16',NULL),(152,13,'50','bluk',50000,51000,0,0,'2019-08-01 11:27:41',NULL),(153,13,'100','bluk',100000,101000,0,0,'2019-08-01 11:28:00',NULL),(154,15,'5','bluk',5850,0,0,0,'2019-08-01 11:28:27',NULL),(155,25,'5','unit',5400,6000,0,50,'2019-08-01 08:07:12',NULL),(156,25,'10','unit',10400,11000,0,66,'2019-08-01 08:07:44',NULL),(157,25,'20','unit',19900,21000,0,11,'2019-08-01 08:09:14',NULL),(158,27,'5','unit',5450,6000,0,13,'2019-08-01 08:09:43',NULL),(159,27,'10','unit',10450,11000,0,61,'2019-08-01 08:10:08',NULL),(160,25,'25','bluk',25000,26000,0,0,'2019-08-01 08:10:39',NULL),(161,25,'50','bluk',50000,51000,0,0,'2019-08-01 08:11:12',NULL),(162,25,'100','bluk',100000,101000,0,0,'2019-08-01 08:11:25',NULL),(163,27,'25','bluk',25000,26000,0,0,'2019-08-01 08:12:06',NULL),(164,27,'50','bluk',50000,51000,0,0,'2019-08-01 08:12:27',NULL),(165,27,'100','bluk',100000,101000,0,0,'2019-08-01 08:13:03',NULL),(166,26,'5','bluk',5750,6000,0,0,'2019-08-01 08:13:43',NULL),(167,26,'10','bluk',10750,11000,0,0,'2019-08-01 08:13:59',NULL),(168,26,'25','bluk',25000,26000,0,0,'2019-08-01 08:14:17',NULL),(169,26,'50','bluk',49000,51000,0,0,'2019-08-01 08:14:34',NULL),(170,26,'100','bluk',97000,101000,0,0,'2019-08-01 08:14:55',NULL),(171,29,'5','bluk',5000,6000,0,0,'2019-08-01 08:15:46',NULL),(172,29,'10','bluk',10000,11000,0,0,'2019-08-01 08:16:04',NULL),(173,29,'15','bluk',15000,17000,0,0,'2019-08-01 08:16:24',NULL),(174,29,'20','bluk',20000,21000,0,0,'2019-08-01 08:16:40',NULL),(175,29,'25','bluk',25000,26000,0,0,'2019-08-01 08:16:57',NULL),(176,25,'30','bluk',30000,0,0,0,'2019-08-01 08:17:15',NULL),(177,29,'35','bluk',35000,37000,0,0,'2019-08-01 08:17:36',NULL),(178,29,'40','bluk',40000,45000,0,0,'2019-08-01 08:17:54',NULL),(179,29,'45','bluk',45000,47000,0,0,'2019-08-01 08:18:14',NULL),(180,25,'50','bluk',50000,0,0,0,'2019-08-01 08:18:29',NULL),(181,25,'60','bluk',60000,0,0,0,'2019-08-01 08:18:53',NULL),(182,29,'65','bluk',65000,67000,0,0,'2019-08-01 08:19:20',NULL),(183,29,'70','bluk',70000,72000,0,0,'2019-08-01 08:19:39',NULL),(184,29,'75','bluk',75000,77000,0,0,'2019-08-01 08:19:58',NULL),(185,25,'100','bluk',100000,0,0,0,'2019-08-01 08:20:13',NULL),(186,28,'5','bluk',5306,6000,0,0,'2019-08-01 08:22:29',NULL),(187,28,'10','bluk',10218,11000,0,0,'2019-08-01 08:22:48',NULL),(188,28,'20','bluk',19650,21000,0,0,'2019-08-01 08:23:15',NULL),(189,28,'50','bluk',49125,51000,0,0,'2019-08-01 08:23:40',NULL),(190,28,'100','bluk',98250,101000,0,0,'2019-08-01 08:24:02',NULL),(191,29,'50','bluk',50000,51000,0,0,'2019-08-01 08:28:37',NULL),(192,29,'30','bluk',30000,32000,0,0,'2019-08-01 08:29:00',NULL),(193,29,'100','bluk',100000,101000,0,0,'2019-08-01 08:33:35',NULL),(194,15,'25','bluk',25000,26000,0,0,'2019-08-02 16:12:41',NULL),(195,15,'50','bluk',50000,51000,0,0,'2019-08-02 16:13:04',NULL),(196,15,'100000','bluk',100000,101000,0,0,'2019-08-02 16:13:26',NULL),(197,14,'5','bluk',5750,6000,0,0,'2019-08-02 16:14:26',NULL),(198,14,'10','bluk',10750,11000,0,0,'2019-08-02 16:14:42',NULL),(199,14,'25','bluk',25000,26000,0,0,'2019-08-02 16:15:09',NULL),(200,14,'50','bluk',49000,51000,0,0,'2019-08-02 16:15:26',NULL),(201,14,'100','bluk',97000,101000,0,0,'2019-08-02 16:15:42',NULL),(202,16,'5','bluk',5306,6000,0,0,'2019-08-02 16:16:58',NULL),(203,16,'10','bluk',10218,11000,0,0,'2019-08-02 16:17:18',NULL),(204,16,'20','bluk',19650,21000,0,0,'2019-08-02 16:17:38',NULL),(205,16,'50','bluk',49125,51000,0,0,'2019-08-02 16:18:03',NULL),(206,16,'100','bluk',98250,101000,0,0,'2019-08-02 16:18:25',NULL),(207,17,'5','bluk',5000,6000,0,0,'2019-08-02 16:21:09',NULL),(208,17,'10','bluk',10000,11000,0,0,'2019-08-02 16:21:26',NULL),(209,17,'20','bluk',20000,21000,0,0,'2019-08-02 16:21:41',NULL),(210,17,'25','bluk',25000,26000,0,0,'2019-08-02 16:21:58',NULL),(211,17,'50','bluk',50000,51000,0,0,'2019-08-02 16:22:14',NULL),(212,17,'100','bluk',100000,101000,0,0,'2019-08-02 16:22:33',NULL),(213,18,'20','bluk',21000,23000,0,0,'2019-08-02 16:23:02',NULL),(214,18,'50','bluk',51000,53000,0,0,'2019-08-02 16:23:17',NULL),(215,18,'100','bluk',101000,103000,0,0,'2019-08-02 16:23:39',NULL),(216,18,'200','bluk',201000,203000,0,0,'2019-08-02 16:24:03',NULL);
/*!40000 ALTER TABLE `item_outlet` ENABLE KEYS */;
UNLOCK TABLES;

--
-- Table structure for table `item_outlet_category`
--

DROP TABLE IF EXISTS `item_outlet_category`;
/*!40101 SET @saved_cs_client     = @@character_set_client */;
/*!50503 SET character_set_client = utf8mb4 */;
CREATE TABLE `item_outlet_category` (
  `id` int(11) NOT NULL AUTO_INCREMENT,
  `name` text NOT NULL,
  `outlet_id` int(11) NOT NULL,
  `modal` varchar(10) NOT NULL DEFAULT '0',
  `type_id` int(11) NOT NULL DEFAULT '4',
  PRIMARY KEY (`id`),
  KEY `item_outlet_id` (`outlet_id`)
) ENGINE=InnoDB AUTO_INCREMENT=31 DEFAULT CHARSET=latin1;
/*!40101 SET character_set_client = @saved_cs_client */;

--
-- Dumping data for table `item_outlet_category`
--

LOCK TABLES `item_outlet_category` WRITE;
/*!40000 ALTER TABLE `item_outlet_category` DISABLE KEYS */;
INSERT INTO `item_outlet_category` VALUES (1,'Telkomsel',1,'-4000',4),(2,'Indosat',1,'-54000',4),(3,'XL',1,'-4000',4),(4,'Smartfreen',1,'-130055',4),(5,'Three',1,'-116398',4),(6,'True Money',1,'-4000',4),(7,'Telkomsel',2,'782000',4),(8,'Indosat',2,'831534',4),(9,'XL',2,'617050',4),(10,'Smartfreen',2,'251000',4),(11,'Three',2,'213668',4),(12,'True Money',2,'499223',4),(13,'Telkomsel',3,'744000',4),(14,'Indosat',3,'408000',4),(15,'XL',3,'288143',4),(16,'Three',3,'189233',4),(17,'Smartfren',3,'120000',4),(18,'True Money',3,'528000',4),(19,'Telkomsel',4,'0',4),(20,'Indosat',4,'0',4),(21,'XL',4,'0',4),(22,'Three',4,'0',4),(23,'Smartfren',4,'0',4),(24,'True Money',4,'0',4),(25,'Telkomsel',5,'-200000',4),(26,'Indosat',5,'-39500',4),(27,'XL',5,'-50000',4),(28,'Three',5,'-51486',4),(29,'Smartfren',5,'0',4),(30,'True Money',5,'0',4);
/*!40000 ALTER TABLE `item_outlet_category` ENABLE KEYS */;
UNLOCK TABLES;

--
-- Table structure for table `item_product`
--

DROP TABLE IF EXISTS `item_product`;
/*!40101 SET @saved_cs_client     = @@character_set_client */;
/*!50503 SET character_set_client = utf8mb4 */;
CREATE TABLE `item_product` (
  `id` int(11) NOT NULL AUTO_INCREMENT,
  `item_category_id` int(11) NOT NULL,
  `name` varchar(50) NOT NULL,
  `modal` varchar(8) NOT NULL,
  `many` int(3) NOT NULL,
  `deleted_at` datetime DEFAULT NULL,
  PRIMARY KEY (`id`),
  KEY `category_id` (`item_category_id`)
) ENGINE=InnoDB AUTO_INCREMENT=329 DEFAULT CHARSET=latin1;
/*!40101 SET character_set_client = @saved_cs_client */;

--
-- Dumping data for table `item_product`
--

LOCK TABLES `item_product` WRITE;
/*!40000 ALTER TABLE `item_product` DISABLE KEYS */;
INSERT INTO `item_product` VALUES (1,1,'REG','12000',962,NULL),(2,1,'AS Loop','10000',1000,NULL),(3,1,'4GB','16000',980,NULL),(4,1,'6GB','23500',1000,'2019-08-01 11:08:26'),(5,1,'10GB','36000',1000,NULL),(6,1,'12GB','47000',967,NULL),(7,7,'15GB','17500',968,NULL),(8,7,'10GB','52500',955,NULL),(9,2,'REG','2500',958,NULL),(10,2,'1GB Mini','13800',969,NULL),(11,2,'2GB Mini','30500',967,NULL),(12,2,'25GB','',1000,NULL),(13,2,'35GB','',1000,NULL),(14,8,'YT 3Hr','7400',1000,NULL),(15,8,'YT 7Hr','13700',965,NULL),(16,8,'V1GB 7Hr','8800',953,NULL),(17,8,'1GB Mini','19500',960,NULL),(18,8,'2GB Mini','31500',950,NULL),(19,8,'25GB','',1000,NULL),(20,8,'2GB UNL','33500',982,NULL),(21,8,'3GB UNL','46300',967,NULL),(22,8,'7GB UNL','65000',966,NULL),(23,5,'5GB','12050',971,NULL),(24,5,'10GB','26000',970,NULL),(25,5,'16GB','35500',972,NULL),(26,5,'30GB','55000',966,NULL),(27,5,'60GB','94000',997,NULL),(28,5,'UNL','61000',967,NULL),(29,11,'10GB','23000',960,NULL),(30,11,'16GB','33500',971,NULL),(31,11,'30GB','54000',970,NULL),(32,11,'60GB','93000',998,NULL),(33,11,' UNL','60000',959,NULL),(34,11,'4GB','9550',966,NULL),(35,4,'REG','1000',960,NULL),(36,4,'1GB','10700',961,NULL),(37,4,'2GB','19000',956,NULL),(38,4,'3GB','25000',977,NULL),(39,4,'5GB','37500',986,NULL),(48,3,'REG 10000','3500',969,NULL),(49,3,'REG 15000','3500',1000,NULL),(50,3,'25GB','17500',1000,NULL),(51,3,'5GB','29500',998,NULL),(52,3,'35GB','27500',937,NULL),(53,3,'6GB','38500',934,NULL),(54,3,'10GB','55000',1000,NULL),(55,3,'11GB','61500',939,NULL),(56,3,'21GB','95000',966,NULL),(57,3,'31GB','117000',977,NULL),(58,6,'Janet 6000','2150',965,NULL),(59,6,'Janet 15000','2150',999,NULL),(60,6,'BM 1GB','12000',977,NULL),(61,6,'GM 2GB','18500',981,NULL),(62,6,'4GB','31000',1000,NULL),(63,6,'GM 5GB','40000',984,NULL),(64,6,'50GB','68000',1000,NULL),(65,12,'BM 1GB','12300',948,NULL),(66,12,'BM 3GB','22500',941,NULL),(67,12,'4GB','28000',952,NULL),(68,12,'9GB','41500',1000,NULL),(69,12,'33GB','78000',968,NULL),(70,12,'2K','2100',1000,NULL),(71,12,'5K','6300',1000,NULL),(72,12,'10K','10300',1000,NULL),(73,14,'Sato','80000',1000,NULL),(74,14,'Sony','35000',1000,'2019-08-02 07:46:02'),(75,14,'Nike','',1000,NULL),(76,14,'KSD','',1000,NULL),(77,14,'HK','95000',1000,NULL),(78,14,'JBL/Sony','35000',994,NULL),(79,15,'Infinity','30000',997,NULL),(80,15,'Welcome','65000',997,NULL),(81,15,'Ozon','18000',999,NULL),(82,15,'Conectech','17000',982,NULL),(83,15,'Philips AT-041','19000',1000,NULL),(84,15,'Dap DH-F2','32500',1000,NULL),(85,15,'Mark Rock ','18000',978,NULL),(86,15,'Exporia','27500',997,NULL),(87,15,'Fosong W3/M3','16000',986,NULL),(88,15,'Audio Phile','26000',1000,NULL),(89,15,'JBL PM-01','17000',1000,NULL),(90,15,'XZS X-60','28000',1000,NULL),(91,15,'XZS X-59','28000',990,NULL),(92,15,'HF Bluetooth','25000',1000,NULL),(93,15,'Dap DH-F15','18000',996,NULL),(94,15,'HF Brand','12000',992,NULL),(95,15,'Samsung ','9000',981,NULL),(96,15,'Brand HE','10000',992,NULL),(97,15,'Music ','6000',965,NULL),(98,15,'Philips AT-049','25000',990,NULL),(99,15,'Robot RE101','15000',993,NULL),(100,15,'Robot R3','66000',997,NULL),(101,15,'JBL AT-024','17000',988,NULL),(102,15,'Sony AT-022','16000',984,NULL),(103,16,'Mouse','10000',994,NULL),(104,16,'Holder Mobil','25000',997,NULL),(105,16,'Tongsis','10000',992,NULL),(106,16,'Sim Inject','2000',985,NULL),(107,16,'MP3','15000',990,NULL),(108,16,'Kipas USB','40000',1000,NULL),(109,16,'Batre BL5c','18000',988,NULL),(110,16,'JoyStic','6000',998,NULL),(111,16,'Game Pad','10000',996,NULL),(112,16,'Game Pad W-10','17000',996,NULL),(113,16,'Pubg','8000',994,NULL),(114,16,'OTG Mobil','10000',1000,NULL),(115,16,'Holder Montor','25000',995,NULL),(116,16,'Ring ','3000',990,NULL),(117,16,'Cardreader','3500',984,NULL),(118,16,'OTG','3000',986,NULL),(119,16,'Adt Memory','3000',1000,NULL),(120,16,'OTG Type C','8500',995,NULL),(121,16,'Gurita','1000',951,NULL),(122,16,'Steker','3500',990,NULL),(123,16,'Dekstop','12500',991,NULL),(124,16,'Aux','5000',974,NULL),(125,16,'Aux 2in1','5000',992,NULL),(126,16,'Waterproof','5000',986,NULL),(127,17,'Welcome','',1000,NULL),(128,17,'V-41','68000',995,NULL),(129,17,'V-20','',1000,NULL),(130,17,'V-90','110000',995,NULL),(131,17,'V-80','',1000,NULL),(132,17,'V-16','125000',1000,NULL),(133,17,'PROBOX','80000',998,NULL),(134,18,'Remax','8000',1000,NULL),(135,18,'Mar/Type C','7000',1000,NULL),(136,18,'Welcome','14500',975,NULL),(137,18,'Ip 4','15000',994,NULL),(138,18,'Venger VP12','14000',994,NULL),(139,18,'Pzx','5000',976,NULL),(140,18,'Mi C/Andro','11000',989,NULL),(141,18,'Cenotech Quick','15000',993,NULL),(142,18,'Cenotech OTG','17000',1000,NULL),(143,18,'Sch - 301','20000',992,NULL),(144,18,'Ip Ori','20000',989,NULL),(145,18,'Fujih','5000',1000,NULL),(146,18,'Vivan','8500',966,NULL),(147,18,'Dap Type C','12000',974,NULL),(148,18,'Vizz','9000',1000,NULL),(149,18,'Dap Iphone','12000',965,NULL),(150,18,'Veger','8000',982,NULL),(151,18,'Topless','5500',965,NULL),(152,18,'Dap 25cm','9000',972,NULL),(153,18,'Samsung ','15000',996,NULL),(154,18,'Romance','6000',998,NULL),(155,18,'Viral','14000',987,NULL),(156,18,'Mark k05','17000',993,NULL),(157,19,'N70','10000',985,NULL),(158,19,'Perpection','32500',998,NULL),(159,19,'Brand ','14500',969,NULL),(160,19,'Unity','32500',1000,NULL),(161,19,'Y-One','27500',999,NULL),(162,19,'Samsung Ori','54000',1000,NULL),(163,19,'Brand Ori','40000',996,NULL),(164,19,'Iphone Ori','50000',1000,NULL),(165,19,'Exporia','29000',988,NULL),(166,19,'Samsung 15W','37500',988,NULL),(167,19,'Pzx Iphone','30000',998,NULL),(168,20,'Romance','52500',999,NULL),(169,20,'Y-one SO-02','35000',999,NULL),(170,20,'Sumo','',1000,NULL),(171,20,'Remax','',1000,NULL),(172,20,'Leopard','',1000,NULL),(173,20,'Pzx','25000',998,NULL),(174,20,'Jaspan JP-01','35000',1000,NULL),(175,20,'Perpection','27500',997,NULL),(176,21,'Tosiba 16GB','42000',998,NULL),(177,21,'Tosiba 32GB','',1000,NULL),(178,21,'Sandis 16GB','38000',998,NULL),(179,21,'Sandis 32GB','58000',997,NULL),(180,21,'Kingstone 16GB','',1000,NULL),(181,22,'Vgen 8GB','37000',986,NULL),(182,22,'Vgen 16GB','40000',998,NULL),(183,22,'Sandis 8GB','',1000,NULL),(184,22,'Sandis 16GB','45000',995,NULL),(185,23,'Agiler','',1000,NULL),(186,23,'Univ/INT','17500',1000,NULL),(187,23,'ROBOT','16000',983,NULL),(188,23,'Samsung','',1000,NULL),(189,23,'Type-C','7000',995,NULL),(190,23,'Vivan ','38000',1000,NULL),(191,23,'Vgen ','18000',930,NULL),(192,23,'Mark','14000',817,NULL),(193,24,'Spier 030','',1000,NULL),(194,24,'Spier A31','',1000,NULL),(195,25,'Tg Umax','10000',960,NULL),(196,25,'Tg Hiaru','20000',877,NULL),(197,25,'Tg Xglass','5000',999,NULL),(198,26,'Anti Crack','3000',903,NULL),(199,26,'Black Mate','5000',961,NULL),(200,0,'','',1000,NULL),(201,0,'','',1000,NULL),(202,0,'','',1000,NULL),(203,10,'1GB 5Hr','7500',952,NULL),(204,10,'2GB 7Hr','14300',955,NULL),(205,10,'3GB 15Hr','18800',966,NULL),(206,10,'5GB 15Hr','30700',974,NULL),(207,10,'1GB','12800',956,NULL),(208,10,'2GB','21800',963,NULL),(209,10,'3GB','28000',966,NULL),(210,10,'5GB','42000',972,NULL),(211,0,'','',1000,NULL),(212,0,'','',1000,NULL),(213,0,'','',1000,NULL),(214,0,'','',1000,NULL),(215,0,'','',1000,NULL),(216,0,'','',1000,NULL),(217,0,'','',1000,NULL),(218,0,'','',1000,NULL),(219,0,'','',1000,NULL),(220,0,'','',1000,NULL),(221,0,'','',1000,NULL),(222,0,'','',1000,NULL),(223,0,'','',1000,NULL),(224,0,'','',1000,NULL),(225,0,'','',1000,NULL),(226,0,'','',1000,NULL),(227,0,'','',1000,NULL),(228,0,'','',1000,NULL),(229,0,'','',1000,NULL),(230,0,'','',1000,NULL),(231,0,'','',1000,NULL),(232,0,'','',1000,NULL),(233,0,'','',1000,NULL),(234,0,'','',1000,NULL),(235,0,'','',1000,NULL),(236,0,'','',1000,NULL),(237,0,'','',1000,NULL),(238,0,'','',1000,NULL),(239,0,'','',1000,NULL),(240,0,'','',1000,NULL),(241,0,'','',1000,NULL),(242,0,'','',1000,NULL),(243,0,'','',1000,NULL),(244,0,'','',1000,NULL),(245,0,'','',1000,NULL),(246,0,'','',1000,NULL),(247,0,'','',1000,NULL),(248,0,'','',1000,NULL),(249,0,'','',1000,NULL),(250,0,'','',1000,NULL),(251,0,'','',1000,NULL),(252,0,'','',1000,NULL),(253,0,'','',1000,NULL),(254,0,'','',1000,NULL),(255,0,'','',1000,NULL),(256,0,'','',1000,NULL),(257,0,'','',1000,NULL),(258,0,'','',1000,NULL),(259,0,'','',1000,NULL),(260,0,'','',1000,NULL),(261,0,'','',1000,NULL),(262,0,'','',1000,NULL),(263,0,'','',1000,NULL),(264,0,'','',1000,NULL),(265,0,'','',1000,NULL),(266,0,'','',1000,NULL),(267,0,'','',1000,NULL),(268,0,'','',1000,NULL),(269,0,'','',1000,NULL),(270,0,'','',1000,NULL),(271,0,'','',1000,NULL),(272,0,'','',1000,NULL),(273,0,'','',1000,NULL),(274,0,'','',1000,NULL),(275,14,'JBL Bluetooth','115000',1000,NULL),(276,15,'Evone','10000',982,NULL),(277,15,'Brand Bluetooth','21000',994,NULL),(278,15,'JBL AT-079','21000',992,NULL),(279,15,'JBL AT-093','22000',1000,NULL),(280,15,'JBL PM-03','22000',996,NULL),(281,19,'Samsung i9000','5000',985,NULL),(282,19,'Samsung S10','30000',1000,NULL),(283,19,'Flash Angel','32500',1000,NULL),(284,19,'Veger V-02','35000',998,NULL),(285,17,'Pzx','70000',997,NULL),(286,18,'Mark MK','13000',961,NULL),(287,18,'Flash Angel','15000',984,NULL),(288,18,'Fleco','5000',984,NULL),(289,24,'Advance ES010','85000',998,NULL),(290,24,'Advance ES030','155000',998,NULL),(291,24,'Music','35000',996,NULL),(292,1,'8GB','38000',982,NULL),(293,15,'VIRAL','17500',984,NULL),(294,15,'Maestro','10000',977,NULL),(295,15,'Robot R5','99000',999,NULL),(296,17,'VIVAN A10','179000',1000,NULL),(297,18,'VIGEN','12500',996,NULL),(298,19,'D880','12500',990,NULL),(299,19,'VIRAL','19000',988,NULL),(300,16,'BT RECEIVER','10000',994,NULL),(301,15,'JBL 353','14000',996,NULL),(302,15,'JBL 363','14000',996,NULL),(303,15,'JBL 371','14000',1000,NULL),(304,15,'JBL 340','14000',1000,NULL),(305,15,'PHILIPS AT-122','24000',1000,NULL),(306,15,'JBL 363','14000',1000,'2019-08-01 08:03:41'),(307,15,'JBL 366','14000',996,NULL),(308,15,'SCHAFSEN SCH-02','26000',997,NULL),(309,15,'ADVANCE','12000',996,NULL),(310,15,'LAMIGO L-02','75000',999,NULL),(311,15,'JBL PM-09','21000',992,NULL),(312,15,'FOSONG Q12','35000',998,NULL),(313,15,'BOSE','35000',998,NULL),(314,19,'WELCOME','65000',999,NULL),(315,18,'DAP MIKRO','11000',985,NULL),(316,16,'BOTOL MINUM','12000',997,NULL),(317,16,'PELINDUNG KABEL','1000',977,NULL),(318,24,'Advance A-35','55000',998,NULL),(319,24,'Advance TP-330','135000',999,NULL),(320,16,'holder mobil(AC)','12000',999,NULL),(321,1,'6.5 GB','19500',959,NULL),(322,20,'2 usb','15000',998,NULL),(323,18,'hippo','12000',998,NULL),(324,18,'3 in 1','15000',997,NULL),(325,23,'Agiler','2000',1000,NULL),(326,23,'ss','2',2,'2019-09-09 01:22:17'),(327,4,'2GBw','2000',100,NULL),(328,4,'22q','1212',11,NULL);
/*!40000 ALTER TABLE `item_product` ENABLE KEYS */;
UNLOCK TABLES;

--
-- Table structure for table `item_product_outlet`
--

DROP TABLE IF EXISTS `item_product_outlet`;
/*!40101 SET @saved_cs_client     = @@character_set_client */;
/*!50503 SET character_set_client = utf8mb4 */;
CREATE TABLE `item_product_outlet` (
  `id` int(11) NOT NULL AUTO_INCREMENT,
  `item_product_id` int(11) NOT NULL,
  `outlet_id` int(11) NOT NULL,
  `cost` int(7) NOT NULL,
  `discount` int(2) NOT NULL,
  `many` int(3) NOT NULL,
  `discount_until` date DEFAULT NULL,
  `updated_at` datetime NOT NULL DEFAULT CURRENT_TIMESTAMP,
  `deleted_at` datetime DEFAULT NULL,
  PRIMARY KEY (`id`),
  KEY `item_outlet_category_id` (`item_product_id`),
  KEY `outlet_id` (`outlet_id`)
) ENGINE=InnoDB AUTO_INCREMENT=571 DEFAULT CHARSET=latin1;
/*!40101 SET character_set_client = @saved_cs_client */;

--
-- Dumping data for table `item_product_outlet`
--

LOCK TABLES `item_product_outlet` WRITE;
/*!40000 ALTER TABLE `item_product_outlet` DISABLE KEYS */;
INSERT INTO `item_product_outlet` VALUES (1,1,1,25000,0,0,NULL,'2019-07-30 22:07:04',NULL),(2,3,1,25000,0,0,NULL,'2019-07-30 22:07:16',NULL),(3,4,1,35000,0,0,NULL,'2019-07-30 22:07:23',NULL),(4,6,1,65000,0,0,NULL,'2019-07-30 22:07:34',NULL),(5,7,1,25000,0,0,NULL,'2019-07-30 22:09:12',NULL),(6,8,1,65000,0,0,NULL,'2019-07-30 22:09:20',NULL),(7,9,1,10000,0,0,NULL,'2019-07-30 22:09:38',NULL),(8,10,1,22000,0,-1,NULL,'2019-07-30 22:09:48',NULL),(9,11,1,35000,0,0,NULL,'2019-07-30 22:09:57',NULL),(10,15,1,17000,0,0,NULL,'2019-07-30 22:10:22',NULL),(11,16,1,12000,0,0,NULL,'2019-07-30 22:10:32',NULL),(12,17,1,22000,0,-2,NULL,'2019-07-30 22:10:41',NULL),(13,18,1,35000,0,0,NULL,'2019-07-30 22:10:48',NULL),(14,20,1,38000,0,0,NULL,'2019-07-30 22:10:56',NULL),(15,21,1,50000,0,0,NULL,'2019-07-30 22:11:03',NULL),(16,22,1,70000,0,0,NULL,'2019-07-30 22:11:12',NULL),(17,23,1,17000,0,9,NULL,'2019-07-30 22:11:50',NULL),(18,24,1,35000,0,9,NULL,'2019-07-30 22:11:58',NULL),(19,25,1,45000,0,9,NULL,'2019-07-30 22:12:06',NULL),(20,26,1,65000,0,9,NULL,'2019-07-30 22:12:14',NULL),(21,27,1,110000,0,9,NULL,'2019-07-30 22:12:22',NULL),(22,28,1,70000,0,9,NULL,'2019-07-30 22:12:31',NULL),(23,34,1,13000,0,9,NULL,'2019-07-30 22:12:46',NULL),(24,29,1,33000,0,9,NULL,'2019-07-30 22:12:57',NULL),(25,30,1,43000,0,9,NULL,'2019-07-30 22:13:04',NULL),(26,31,1,63000,0,9,NULL,'2019-07-30 22:13:12',NULL),(27,32,1,108000,0,9,NULL,'2019-07-30 22:13:19',NULL),(28,33,1,68000,0,9,NULL,'2019-07-30 22:13:27',NULL),(34,35,1,8000,0,0,NULL,'2019-07-30 22:28:08',NULL),(35,36,1,15000,0,0,NULL,'2019-07-30 22:28:16',NULL),(36,37,1,25000,0,0,NULL,'2019-07-30 22:28:24',NULL),(37,38,1,35000,0,0,NULL,'2019-07-30 22:28:30',NULL),(38,39,1,50000,0,0,NULL,'2019-07-30 22:28:38',NULL),(39,203,1,15000,0,0,NULL,'2019-07-30 22:29:16',NULL),(40,204,1,20000,0,0,NULL,'2019-07-30 22:29:23',NULL),(41,205,1,25000,0,0,NULL,'2019-07-30 22:29:29',NULL),(42,206,1,35000,0,0,NULL,'2019-07-30 22:29:36',NULL),(43,207,1,16000,0,0,NULL,'2019-07-30 22:29:43',NULL),(44,208,1,26000,0,0,NULL,'2019-07-30 22:29:50',NULL),(45,209,1,35000,0,0,NULL,'2019-07-30 22:29:58',NULL),(46,210,1,50000,0,0,NULL,'2019-07-30 22:30:05',NULL),(47,48,1,10000,0,0,NULL,'2019-07-30 22:32:05',NULL),(48,51,1,38000,0,0,NULL,'2019-07-30 22:32:17',NULL),(49,52,1,30000,0,0,NULL,'2019-07-30 22:32:23',NULL),(50,53,1,45000,0,0,NULL,'2019-07-30 22:40:57',NULL),(51,55,1,68000,0,0,NULL,'2019-07-30 22:41:52',NULL),(52,56,1,100000,0,0,NULL,'2019-07-30 22:42:24',NULL),(53,57,1,125000,0,0,NULL,'2019-07-30 22:42:32',NULL),(54,58,1,6000,0,0,NULL,'2019-07-30 22:44:14',NULL),(55,59,1,15000,0,0,NULL,'2019-07-30 22:44:21',NULL),(56,60,1,18000,0,0,NULL,'2019-07-30 22:44:28',NULL),(57,61,1,25000,0,0,NULL,'2019-07-30 22:44:34',NULL),(58,63,1,48000,0,0,NULL,'2019-07-30 22:44:44',NULL),(59,65,1,18000,0,0,NULL,'2019-07-30 22:45:11',NULL),(60,66,1,30000,0,0,NULL,'2019-07-30 22:45:20',NULL),(61,67,1,35000,0,0,NULL,'2019-07-30 22:45:27',NULL),(62,69,1,85000,0,0,NULL,'2019-07-30 22:45:33',NULL),(63,73,1,130000,0,0,NULL,'2019-07-30 22:46:21',NULL),(64,74,1,130000,0,0,NULL,'2019-07-30 22:46:30',NULL),(65,275,1,150000,0,0,NULL,'2019-07-30 22:47:51',NULL),(66,79,1,55000,0,0,NULL,'2019-07-30 22:48:07',NULL),(67,276,1,35000,0,0,NULL,'2019-07-30 22:48:52',NULL),(68,81,1,55000,0,0,NULL,'2019-07-30 22:49:04',NULL),(69,82,1,45000,0,0,NULL,'2019-07-30 22:49:20',NULL),(70,91,1,65000,0,0,NULL,'2019-07-30 22:49:35',NULL),(71,102,1,50000,0,0,NULL,'2019-07-30 22:49:47',NULL),(72,80,1,80000,0,0,NULL,'2019-07-30 22:49:58',NULL),(73,101,1,55000,0,0,NULL,'2019-07-30 22:50:07',NULL),(74,85,1,50000,0,0,NULL,'2019-07-30 22:50:23',NULL),(75,98,1,50000,0,0,NULL,'2019-07-30 22:50:32',NULL),(76,87,1,40000,0,0,NULL,'2019-07-30 22:50:44',NULL),(77,88,1,45000,0,0,NULL,'2019-07-30 22:51:00',NULL),(78,99,1,45000,0,0,NULL,'2019-07-30 22:51:12',NULL),(79,89,1,55000,0,0,NULL,'2019-07-30 22:51:23',NULL),(80,84,1,60000,0,0,NULL,'2019-07-30 22:51:34',NULL),(81,277,1,70000,0,0,NULL,'2019-07-30 22:52:27',NULL),(82,100,1,95000,0,0,NULL,'2019-07-30 22:52:35',NULL),(83,278,1,55000,0,0,NULL,'2019-07-30 22:54:09',NULL),(84,279,1,55000,0,0,NULL,'2019-07-30 22:54:47',NULL),(85,280,1,55000,0,0,NULL,'2019-07-30 22:55:36',NULL),(86,93,1,40000,0,0,NULL,'2019-07-30 22:55:47',NULL),(87,95,1,30000,0,0,NULL,'2019-07-30 22:55:59',NULL),(88,96,1,25000,0,0,NULL,'2019-07-30 22:56:10',NULL),(89,97,1,15000,0,0,NULL,'2019-07-30 22:56:18',NULL),(90,157,1,25000,0,0,NULL,'2019-07-30 22:56:52',NULL),(91,281,1,25000,0,0,NULL,'2019-07-30 22:57:56',NULL),(92,158,1,75000,0,0,NULL,'2019-07-30 22:58:11',NULL),(93,164,1,100000,0,0,NULL,'2019-07-30 22:58:23',NULL),(94,165,1,55000,0,0,NULL,'2019-07-30 22:58:34',NULL),(95,282,1,75000,0,0,NULL,'2019-07-30 22:59:20',NULL),(96,283,1,75000,0,0,NULL,'2019-07-30 22:59:57',NULL),(97,167,1,80000,0,0,NULL,'2019-07-30 23:00:17',NULL),(98,284,1,75000,0,0,NULL,'2019-07-30 23:01:10',NULL),(99,159,1,35000,0,0,NULL,'2019-07-30 23:01:21',NULL),(100,163,1,120000,0,0,NULL,'2019-07-30 23:01:30',NULL),(101,162,1,125000,0,0,NULL,'2019-07-30 23:01:40',NULL),(102,161,1,75000,0,0,NULL,'2019-07-30 23:01:49',NULL),(103,285,1,100000,0,0,NULL,'2019-07-30 23:02:34',NULL),(104,128,1,95000,0,0,NULL,'2019-07-30 23:02:54',NULL),(105,133,1,110000,0,0,NULL,'2019-07-30 23:03:05',NULL),(106,156,1,30000,0,0,NULL,'2019-07-30 23:03:35',NULL),(107,136,1,30000,0,0,NULL,'2019-07-30 23:03:45',NULL),(108,137,1,25000,0,0,NULL,'2019-07-30 23:03:58',NULL),(109,153,1,35000,0,0,NULL,'2019-07-30 23:04:10',NULL),(110,155,1,30000,0,0,NULL,'2019-07-30 23:04:18','2019-09-04 04:10:14'),(111,139,1,20000,0,0,NULL,'2019-07-30 23:04:30',NULL),(112,286,1,25000,0,0,NULL,'2019-07-30 23:06:59',NULL),(113,287,1,35000,0,0,NULL,'2019-07-30 23:08:28',NULL),(114,140,1,35000,0,0,NULL,'2019-07-30 23:08:39',NULL),(115,141,1,35000,0,0,NULL,'2019-07-30 23:08:53',NULL),(116,142,1,30000,0,0,NULL,'2019-07-30 23:09:02',NULL),(117,143,1,50000,0,0,NULL,'2019-07-30 23:09:16',NULL),(118,144,1,50000,0,0,NULL,'2019-07-30 23:09:43',NULL),(119,147,1,25000,0,0,NULL,'2019-07-30 23:09:53',NULL),(120,288,1,20000,0,0,NULL,'2019-07-30 23:10:33',NULL),(121,150,1,20000,0,0,NULL,'2019-07-30 23:10:45','2019-09-04 04:19:05'),(122,149,1,25000,0,0,NULL,'2019-07-30 23:10:54',NULL),(123,152,1,15000,0,0,NULL,'2019-07-30 23:11:08',NULL),(124,151,1,15000,0,0,NULL,'2019-07-30 23:11:17',NULL),(125,146,1,25000,0,0,NULL,'2019-07-30 23:11:37','2019-09-04 04:10:59'),(126,145,1,20000,0,0,NULL,'2019-07-30 23:11:46',NULL),(127,104,1,50000,0,0,NULL,'2019-07-30 23:12:09',NULL),(128,105,1,20000,0,0,NULL,'2019-07-30 23:12:21',NULL),(129,106,1,7000,0,0,NULL,'2019-07-30 23:12:28',NULL),(130,107,1,30000,0,0,NULL,'2019-07-30 23:12:37',NULL),(131,109,1,25000,0,0,NULL,'2019-07-30 23:12:44',NULL),(132,112,1,50000,0,0,NULL,'2019-07-30 23:12:53',NULL),(133,113,1,25000,0,0,NULL,'2019-07-30 23:13:02',NULL),(134,114,1,20000,0,0,NULL,'2019-07-30 23:13:12','2019-09-04 04:17:54'),(135,115,1,50000,0,0,NULL,'2019-07-30 23:13:23',NULL),(136,117,1,10000,0,0,NULL,'2019-07-30 23:13:30',NULL),(137,118,1,10000,0,0,NULL,'2019-07-30 23:13:39','2019-09-04 04:18:16'),(138,119,1,5000,0,0,NULL,'2019-07-30 23:13:53',NULL),(139,120,1,20000,0,0,NULL,'2019-07-30 23:14:02','2019-09-04 04:17:37'),(140,121,1,5000,0,0,NULL,'2019-07-30 23:14:13',NULL),(141,122,1,10000,0,0,NULL,'2019-07-30 23:14:24',NULL),(142,123,1,25000,0,0,NULL,'2019-07-30 23:14:39',NULL),(143,124,1,20000,0,0,NULL,'2019-07-30 23:14:49',NULL),(144,125,1,15000,0,0,NULL,'2019-07-30 23:14:57',NULL),(145,173,1,50000,0,0,NULL,'2019-07-30 23:15:11',NULL),(146,174,1,55000,0,0,NULL,'2019-07-30 23:15:21',NULL),(147,175,1,50000,0,0,NULL,'2019-07-30 23:15:35',NULL),(148,176,1,95000,0,0,NULL,'2019-07-30 23:15:50',NULL),(149,179,1,135000,0,0,NULL,'2019-07-30 23:16:01',NULL),(150,181,1,70000,0,0,NULL,'2019-07-30 23:16:13',NULL),(151,182,1,105000,0,0,NULL,'2019-07-30 23:16:22',NULL),(152,187,1,35000,0,0,NULL,'2019-07-30 23:16:36','2019-09-04 04:13:00'),(153,189,1,15000,0,0,NULL,'2019-07-30 23:16:47','2019-09-04 04:15:44'),(154,191,1,35000,0,43,NULL,'2019-07-30 23:17:00',NULL),(155,192,1,30000,0,122,NULL,'2019-07-30 23:17:10',NULL),(156,289,1,110000,0,0,NULL,'2019-07-30 23:18:17',NULL),(157,290,1,180000,0,0,NULL,'2019-07-30 23:19:16',NULL),(158,291,1,55000,0,0,NULL,'2019-07-30 23:19:59',NULL),(159,195,1,25000,0,0,NULL,'2019-07-30 23:20:11',NULL),(160,196,1,50000,0,0,NULL,'2019-07-30 23:20:27',NULL),(161,197,1,25000,0,0,NULL,'2019-07-30 23:20:35',NULL),(162,198,1,15000,0,0,NULL,'2019-07-30 23:20:46',NULL),(163,199,1,25000,0,0,NULL,'2019-07-30 23:20:55',NULL),(165,0,0,0,0,0,NULL,'2019-08-03 16:49:14',NULL),(166,73,2,0,0,0,NULL,'2019-08-03 17:33:17',NULL),(167,74,2,0,0,0,NULL,'2019-08-03 18:18:25',NULL),(168,275,2,0,0,0,NULL,'2019-08-03 18:19:54',NULL),(169,79,2,40000,0,3,NULL,'2019-08-03 18:26:02',NULL),(170,276,2,35000,0,8,NULL,'2019-08-03 18:27:25',NULL),(171,80,2,80000,0,3,NULL,'2019-08-03 18:30:49',NULL),(172,78,1,75000,0,0,NULL,'2019-07-01 10:58:23',NULL),(173,1,5,20000,0,10,NULL,'2019-08-01 06:17:40',NULL),(174,4,5,45000,0,0,NULL,'2019-08-02 06:36:01',NULL),(175,6,5,60000,0,8,NULL,'2019-08-02 06:36:29',NULL),(176,7,5,25000,0,7,NULL,'2019-08-02 06:36:57',NULL),(177,8,5,65000,0,10,NULL,'2019-08-02 06:37:12',NULL),(178,9,5,10000,0,14,NULL,'2019-08-02 06:37:55',NULL),(179,10,5,25000,0,10,NULL,'2019-08-02 06:38:37',NULL),(180,11,5,38000,0,12,NULL,'2019-08-02 06:39:02',NULL),(181,18,5,38000,0,12,NULL,'2019-08-02 06:40:34',NULL),(182,21,5,55000,0,8,NULL,'2019-08-02 06:40:56',NULL),(183,24,5,35000,0,7,NULL,'2019-08-02 06:42:23',NULL),(184,25,5,45000,0,5,NULL,'2019-08-02 06:42:53',NULL),(185,34,5,13000,0,9,NULL,'2019-08-02 06:44:19',NULL),(186,33,5,70000,0,12,NULL,'2019-08-02 06:45:48',NULL),(187,35,5,5000,0,5,NULL,'2019-08-02 06:46:34',NULL),(188,36,5,15000,0,6,NULL,'2019-08-02 06:46:59',NULL),(189,203,5,10000,0,9,NULL,'2019-08-02 06:47:45',NULL),(190,204,5,20000,0,14,NULL,'2019-08-02 06:48:07',NULL),(191,205,5,25000,0,55,NULL,'2019-08-02 06:48:31',NULL),(192,206,5,35000,0,3,NULL,'2019-08-02 06:48:50',NULL),(193,208,5,26000,0,9,NULL,'2019-08-02 06:49:29',NULL),(194,209,5,35000,0,13,NULL,'2019-08-02 06:49:49',NULL),(195,210,5,51000,0,11,NULL,'2019-08-02 06:50:16',NULL),(196,48,5,10000,0,7,NULL,'2019-08-02 06:50:45',NULL),(197,52,5,30000,0,11,NULL,'2019-08-02 06:51:08',NULL),(198,53,5,45000,0,16,NULL,'2019-08-02 06:51:29',NULL),(199,55,5,65000,0,8,NULL,'2019-08-02 06:52:01',NULL),(200,56,5,100000,0,11,NULL,'2019-08-02 06:52:16',NULL),(201,57,5,125000,0,3,NULL,'2019-08-02 06:52:34',NULL),(202,58,5,6000,0,31,NULL,'2019-08-02 06:53:12',NULL),(203,67,5,35000,0,5,NULL,'2019-08-02 06:55:14',NULL),(204,69,5,85000,0,6,NULL,'2019-08-02 06:55:34',NULL),(205,15,5,15000,0,8,NULL,'2019-08-02 07:01:57',NULL),(206,17,5,25000,0,11,NULL,'2019-08-02 07:02:27',NULL),(207,22,5,75000,0,12,NULL,'2019-08-02 07:02:59',NULL),(208,23,5,17000,0,3,NULL,'2019-08-02 07:03:39',NULL),(209,26,5,65000,0,16,NULL,'2019-08-02 07:03:58',NULL),(210,29,5,33000,0,10,NULL,'2019-08-02 07:04:58',NULL),(211,30,5,43000,0,4,NULL,'2019-08-02 07:05:18',NULL),(212,37,5,25000,0,15,NULL,'2019-08-02 07:06:13',NULL),(213,207,5,16000,0,12,NULL,'2019-08-02 07:06:45',NULL),(214,59,5,15000,0,1,NULL,'2019-08-02 07:07:14',NULL),(215,65,5,18000,0,11,NULL,'2019-08-02 07:07:38',NULL),(216,66,5,30000,0,13,NULL,'2019-08-02 07:07:58',NULL),(217,16,5,10000,0,10,NULL,'2019-08-02 07:18:04',NULL),(218,28,5,68000,0,2,NULL,'2019-08-02 07:21:34',NULL),(219,31,5,63000,0,5,NULL,'2019-08-02 07:23:11',NULL),(220,1,2,25000,0,14,NULL,'2019-08-01 10:06:00',NULL),(221,1,3,20000,0,11,NULL,'2019-08-08 07:51:18',NULL),(222,102,2,45000,0,8,NULL,'2019-08-08 08:30:28',NULL),(223,292,1,0,0,0,NULL,'2019-08-09 08:40:14',NULL),(224,86,1,55000,0,0,NULL,'2019-08-09 09:35:42',NULL),(225,190,1,45000,0,0,NULL,'2019-08-09 09:35:43',NULL),(226,130,1,110000,0,0,NULL,'2019-08-09 09:35:43',NULL),(227,166,1,75000,0,0,NULL,'2019-08-09 09:35:45',NULL),(228,177,1,135000,0,0,NULL,'2019-08-09 09:35:45',NULL),(229,116,1,5000,0,0,NULL,'2019-08-09 09:35:46',NULL),(230,126,1,10000,0,0,NULL,'2019-08-09 09:35:47',NULL),(231,293,1,50000,0,0,NULL,'2019-08-09 09:46:33',NULL),(232,294,1,35000,0,0,NULL,'2019-08-09 09:46:33',NULL),(233,295,1,135000,0,0,NULL,'2019-08-09 09:46:33',NULL),(234,296,1,215000,0,0,NULL,'2019-08-09 09:46:33',NULL),(235,297,1,25000,0,0,NULL,'2019-08-09 09:46:33','2019-09-04 04:10:26'),(236,298,1,25000,0,0,NULL,'2019-08-09 09:46:33',NULL),(237,299,1,45000,0,0,NULL,'2019-08-09 09:46:33',NULL),(238,300,1,20000,0,0,NULL,'2019-08-09 09:46:34',NULL),(239,3,3,22000,0,3,NULL,'2019-08-01 06:57:06',NULL),(240,4,3,33000,0,0,NULL,'2019-08-01 07:14:54',NULL),(241,6,3,65000,0,4,NULL,'2019-08-01 07:14:55',NULL),(242,7,3,22000,0,8,NULL,'2019-08-01 07:14:55',NULL),(243,8,3,60000,0,4,NULL,'2019-08-01 07:14:55',NULL),(244,9,3,6000,0,6,NULL,'2019-08-01 07:14:55',NULL),(245,10,3,22000,0,6,NULL,'2019-08-01 07:14:55',NULL),(246,11,3,33000,0,5,NULL,'2019-08-01 07:14:55',NULL),(247,15,3,15000,0,11,NULL,'2019-08-01 07:14:55',NULL),(248,16,3,10000,0,14,NULL,'2019-08-01 07:14:55',NULL),(249,17,3,25000,0,5,NULL,'2019-08-01 07:14:55',NULL),(250,18,3,38000,0,6,NULL,'2019-08-01 07:14:55',NULL),(251,21,3,53000,0,8,NULL,'2019-08-01 07:14:55',NULL),(252,20,3,40000,0,9,NULL,'2019-08-01 07:14:55',NULL),(253,24,3,28000,0,4,NULL,'2019-08-01 07:14:56',NULL),(254,25,3,38000,0,8,NULL,'2019-08-01 07:14:56',NULL),(255,26,3,58000,0,7,NULL,'2019-08-01 07:14:56',NULL),(256,28,3,70000,0,5,NULL,'2019-08-01 07:14:56',NULL),(257,29,3,30000,0,7,NULL,'2019-08-01 07:14:56',NULL),(258,30,3,40000,0,9,NULL,'2019-08-01 07:14:56',NULL),(259,31,3,60000,0,9,NULL,'2019-08-01 07:14:56',NULL),(260,33,3,68000,0,5,NULL,'2019-08-01 07:14:56',NULL),(261,34,3,13000,0,9,NULL,'2019-08-01 07:14:56',NULL),(262,35,3,3000,0,11,NULL,'2019-08-01 07:14:56',NULL),(263,36,3,15000,0,4,NULL,'2019-08-01 07:14:56',NULL),(264,37,3,25000,0,7,NULL,'2019-08-01 07:14:56',NULL),(265,38,3,35000,0,3,NULL,'2019-08-01 07:14:56',NULL),(266,203,3,10000,0,13,NULL,'2019-08-01 07:14:56',NULL),(267,204,3,18000,0,9,NULL,'2019-08-01 07:14:56',NULL),(268,205,3,23000,0,7,NULL,'2019-08-01 07:14:56',NULL),(269,206,3,35000,0,7,NULL,'2019-08-01 07:14:56',NULL),(270,207,3,15000,0,10,NULL,'2019-08-01 07:14:57',NULL),(271,208,3,25000,0,8,NULL,'2019-08-01 07:14:57',NULL),(272,209,3,35000,0,6,NULL,'2019-08-01 07:14:57',NULL),(273,210,3,50000,0,7,NULL,'2019-08-01 07:14:57',NULL),(274,48,3,7000,0,10,NULL,'2019-08-01 07:14:57',NULL),(275,52,3,29000,0,9,NULL,'2019-08-01 07:14:57',NULL),(276,53,3,43000,0,11,NULL,'2019-08-01 07:14:57',NULL),(277,55,3,63000,0,9,NULL,'2019-08-01 07:14:57',NULL),(278,56,3,95000,0,8,NULL,'2019-08-01 07:14:57',NULL),(279,57,3,118000,0,6,NULL,'2019-08-01 07:14:57',NULL),(280,58,3,7000,0,4,NULL,'2019-08-01 07:14:57',NULL),(281,60,3,13000,0,6,NULL,'2019-08-01 07:14:57',NULL),(282,61,3,23000,0,3,NULL,'2019-08-01 07:14:57',NULL),(283,63,3,45000,0,5,NULL,'2019-08-01 07:14:57',NULL),(284,65,3,14000,0,7,NULL,'2019-08-01 07:14:57',NULL),(285,66,3,28000,0,12,NULL,'2019-08-01 07:14:57',NULL),(286,67,3,33000,0,14,NULL,'2019-08-01 07:14:57',NULL),(287,22,3,75000,0,9,NULL,'2019-08-01 07:14:57',NULL),(288,69,3,80000,0,7,NULL,'2019-08-01 07:14:58',NULL),(289,101,3,45000,0,4,NULL,'2019-08-01 07:56:17',NULL),(290,280,3,45000,0,4,NULL,'2019-08-01 07:56:18',NULL),(291,98,3,50000,0,5,NULL,'2019-08-01 07:56:18',NULL),(292,102,3,40000,0,4,NULL,'2019-08-01 07:56:18',NULL),(293,87,3,35000,0,5,NULL,'2019-08-01 07:56:18',NULL),(294,276,3,35000,0,4,NULL,'2019-08-01 07:56:18',NULL),(295,82,3,40000,0,4,NULL,'2019-08-01 07:56:18',NULL),(296,85,3,45000,0,11,NULL,'2019-08-01 07:56:18',NULL),(297,81,3,35000,0,1,NULL,'2019-08-01 07:56:18',NULL),(298,93,3,30000,0,1,NULL,'2019-08-01 07:56:18',NULL),(299,95,3,25000,0,7,NULL,'2019-08-01 07:56:18',NULL),(300,97,3,10000,0,13,NULL,'2019-08-01 07:56:18',NULL),(301,86,3,55000,0,2,NULL,'2019-08-01 07:56:18',NULL),(302,294,3,25000,0,17,NULL,'2019-08-01 07:56:18',NULL),(303,293,3,40000,0,4,NULL,'2019-08-01 07:56:18',NULL),(304,91,3,50000,0,4,NULL,'2019-08-01 07:56:18',NULL),(305,99,3,25000,0,3,NULL,'2019-08-01 07:56:18',NULL),(306,100,3,95000,0,1,NULL,'2019-08-01 07:56:19',NULL),(307,277,3,40000,0,1,NULL,'2019-08-01 07:56:19',NULL),(308,96,3,20000,0,7,NULL,'2019-08-01 07:56:19',NULL),(309,94,3,35000,0,8,NULL,'2019-08-01 07:56:19',NULL),(310,157,3,25000,0,2,NULL,'2019-08-01 07:56:19',NULL),(311,166,3,75000,0,5,NULL,'2019-08-01 07:56:19',NULL),(312,165,3,45000,0,4,NULL,'2019-08-01 07:56:19',NULL),(313,158,3,45000,0,2,NULL,'2019-08-01 07:56:19',NULL),(314,159,3,25000,0,11,NULL,'2019-08-01 07:56:19',NULL),(315,281,3,15000,0,5,NULL,'2019-08-01 07:56:19',NULL),(316,163,3,95000,0,1,NULL,'2019-08-01 07:56:19',NULL),(317,298,3,25000,0,4,NULL,'2019-08-01 07:56:19',NULL),(318,299,3,35000,0,6,NULL,'2019-08-01 07:56:19',NULL),(319,137,3,20000,0,5,NULL,'2019-08-01 07:56:20',NULL),(320,149,3,20000,0,11,NULL,'2019-08-01 07:56:20',NULL),(321,156,3,30000,0,4,NULL,'2019-08-01 07:56:20',NULL),(322,286,3,20000,0,15,NULL,'2019-08-01 07:56:20',NULL),(323,155,3,30000,0,4,NULL,'2019-08-01 07:56:20',NULL),(324,136,3,30000,0,8,NULL,'2019-08-01 07:56:20',NULL),(325,143,3,45000,0,4,NULL,'2019-08-01 07:56:20',NULL),(326,141,3,30000,0,3,NULL,'2019-08-01 07:56:20',NULL),(327,151,3,10000,0,9,NULL,'2019-08-01 07:56:20',NULL),(328,146,3,20000,0,10,NULL,'2019-08-01 07:56:20',NULL),(329,138,3,25000,0,6,NULL,'2019-08-01 07:56:20',NULL),(330,152,3,10000,0,13,NULL,'2019-08-01 07:56:20',NULL),(331,139,3,15000,0,7,NULL,'2019-08-01 07:56:20',NULL),(332,287,3,20000,0,16,NULL,'2019-08-01 07:56:20',NULL),(333,153,3,30000,0,4,NULL,'2019-08-01 07:56:20',NULL),(334,140,3,25000,0,7,NULL,'2019-08-01 07:56:20',NULL),(335,103,3,25000,0,2,NULL,'2019-08-01 07:56:20',NULL),(336,104,3,45000,0,3,NULL,'2019-08-01 07:56:21',NULL),(337,106,3,3000,0,10,NULL,'2019-08-01 07:56:21',NULL),(338,107,3,20000,0,4,NULL,'2019-08-01 07:56:21',NULL),(339,120,3,20000,0,3,NULL,'2019-08-01 07:56:21',NULL),(340,117,3,10000,0,9,NULL,'2019-08-01 07:56:21',NULL),(341,124,3,15000,0,9,NULL,'2019-08-01 07:56:21',NULL),(342,125,3,10000,0,8,NULL,'2019-08-01 07:56:21',NULL),(343,121,3,5000,0,14,NULL,'2019-08-01 07:56:21',NULL),(344,123,3,20000,0,3,NULL,'2019-08-01 07:56:22',NULL),(345,105,3,20000,0,2,NULL,'2019-08-01 07:56:22',NULL),(346,109,3,25000,0,4,NULL,'2019-08-01 07:56:22',NULL),(347,130,3,130000,0,3,NULL,'2019-08-01 07:56:22',NULL),(348,128,3,90000,0,3,NULL,'2019-08-01 07:56:22',NULL),(349,133,3,95000,0,1,NULL,'2019-08-01 07:56:22',NULL),(350,179,3,95000,0,1,NULL,'2019-08-01 07:56:22',NULL),(351,181,3,50000,0,3,NULL,'2019-08-01 07:56:22',NULL),(352,184,3,100000,0,2,NULL,'2019-08-01 07:56:22',NULL),(353,191,3,30000,0,3,NULL,'2019-08-01 07:56:22',NULL),(354,192,3,20000,0,6,NULL,'2019-08-01 07:56:22',NULL),(355,197,3,35000,0,1,NULL,'2019-08-01 07:56:22',NULL),(356,195,3,20000,0,9,NULL,'2019-08-01 07:56:22',NULL),(357,199,3,20000,0,19,NULL,'2019-08-01 07:56:22',NULL),(358,198,3,15000,0,55,NULL,'2019-08-01 07:56:22',NULL),(359,196,3,35000,0,42,NULL,'2019-08-01 07:56:56',NULL),(360,301,3,35000,0,4,NULL,'2019-08-01 08:02:14',NULL),(361,302,3,35000,0,4,NULL,'2019-08-01 08:02:28',NULL),(362,307,1,0,0,0,NULL,'2019-08-01 08:06:09',NULL),(363,308,3,40000,0,3,NULL,'2019-08-01 08:07:28',NULL),(364,309,3,25000,0,3,NULL,'2019-08-01 08:07:45',NULL),(365,3,2,20000,0,15,NULL,'2019-08-01 14:04:52',NULL),(366,4,2,0,0,0,NULL,'2019-08-01 14:04:52',NULL),(367,292,2,53000,0,18,NULL,'2019-08-01 14:04:52',NULL),(368,6,2,65000,0,17,NULL,'2019-08-01 14:04:52',NULL),(369,7,2,23000,0,14,NULL,'2019-08-01 14:04:52',NULL),(370,8,2,65000,0,19,NULL,'2019-08-01 14:04:52',NULL),(371,9,2,10000,0,20,NULL,'2019-08-01 14:04:52',NULL),(372,10,2,23000,0,14,NULL,'2019-08-01 14:04:52',NULL),(373,11,2,38000,0,16,NULL,'2019-08-01 14:04:52',NULL),(374,15,2,17000,0,8,NULL,'2019-08-01 14:04:52',NULL),(375,16,2,10000,0,20,NULL,'2019-08-01 14:04:52',NULL),(376,17,2,25000,0,15,NULL,'2019-08-01 14:04:53',NULL),(377,18,2,38000,0,26,NULL,'2019-08-01 14:04:53',NULL),(378,20,2,40000,0,9,NULL,'2019-08-01 14:04:53',NULL),(379,21,2,55000,0,13,NULL,'2019-08-01 14:04:53',NULL),(380,22,2,75000,0,9,NULL,'2019-08-01 14:04:53',NULL),(381,23,2,17000,0,22,NULL,'2019-08-01 14:04:53',NULL),(382,24,2,30000,0,15,NULL,'2019-08-01 14:04:53',NULL),(383,25,2,43000,0,13,NULL,'2019-08-01 14:04:53',NULL),(384,26,2,63000,0,10,NULL,'2019-08-01 14:04:53',NULL),(385,27,2,108000,0,3,NULL,'2019-08-01 14:04:53',NULL),(386,28,2,68000,0,16,NULL,'2019-08-01 14:04:53',NULL),(387,34,2,13000,0,-3,NULL,'2019-08-01 14:04:54',NULL),(388,29,2,33000,0,-3,NULL,'2019-08-01 14:04:54',NULL),(389,30,2,45000,0,-1,NULL,'2019-08-01 14:04:54',NULL),(390,31,2,65000,0,12,NULL,'2019-08-01 14:04:54',NULL),(391,32,2,110000,0,2,NULL,'2019-08-01 14:04:54',NULL),(392,33,2,70000,0,5,NULL,'2019-08-01 14:04:54',NULL),(393,35,2,5000,0,12,NULL,'2019-08-01 14:04:54',NULL),(394,36,2,15000,0,14,NULL,'2019-08-01 14:04:54',NULL),(395,37,2,25000,0,11,NULL,'2019-08-01 14:04:54',NULL),(396,38,2,35000,0,10,NULL,'2019-08-01 14:04:54',NULL),(397,39,2,50000,0,7,NULL,'2019-08-01 14:04:54',NULL),(398,203,2,10000,0,3,NULL,'2019-08-01 14:04:54',NULL),(399,204,2,20000,0,20,NULL,'2019-08-01 14:04:54',NULL),(400,205,2,25000,0,16,NULL,'2019-08-01 14:04:54',NULL),(401,206,2,35000,0,13,NULL,'2019-08-01 14:04:55',NULL),(402,207,2,16000,0,15,NULL,'2019-08-01 14:04:55',NULL),(403,208,2,26000,0,12,NULL,'2019-08-01 14:04:55',NULL),(404,209,2,35000,0,13,NULL,'2019-08-01 14:04:55',NULL),(405,210,2,50000,0,8,NULL,'2019-08-01 14:04:55',NULL),(406,48,2,10000,0,13,NULL,'2019-08-01 14:04:55',NULL),(407,51,2,35000,0,2,NULL,'2019-08-01 14:04:55',NULL),(408,52,2,30000,0,36,NULL,'2019-08-01 14:04:55',NULL),(409,53,2,45000,0,33,NULL,'2019-08-01 14:04:55',NULL),(410,55,2,68000,0,35,NULL,'2019-08-01 14:04:55',NULL),(411,56,2,100000,0,13,NULL,'2019-08-01 14:04:55',NULL),(412,57,2,125000,0,12,NULL,'2019-08-01 14:04:55',NULL),(413,60,2,16000,0,14,NULL,'2019-08-01 14:04:55',NULL),(414,61,2,23000,0,6,NULL,'2019-08-01 14:04:55',NULL),(415,63,2,48000,0,9,NULL,'2019-08-01 14:04:55',NULL),(416,65,2,18000,0,20,NULL,'2019-08-01 14:04:56',NULL),(417,66,2,30000,0,29,NULL,'2019-08-01 14:04:56',NULL),(418,67,2,35000,0,22,NULL,'2019-08-01 14:04:56',NULL),(419,69,2,85000,0,11,NULL,'2019-08-01 14:04:56',NULL),(420,70,2,0,0,0,NULL,'2019-08-01 14:04:56',NULL),(421,71,2,0,0,0,NULL,'2019-08-01 14:04:56',NULL),(422,72,2,0,0,0,NULL,'2019-08-01 14:04:56',NULL),(423,78,2,75000,0,4,NULL,'2019-08-01 14:43:57',NULL),(424,100,2,100000,0,2,NULL,'2019-08-01 14:43:58',NULL),(425,277,2,45000,0,5,NULL,'2019-08-01 14:43:58',NULL),(426,101,2,55000,0,7,NULL,'2019-08-01 14:43:58',NULL),(427,278,2,50000,0,7,NULL,'2019-08-01 14:43:58',NULL),(428,98,2,45000,0,5,NULL,'2019-08-01 14:43:58',NULL),(429,87,2,45000,0,3,NULL,'2019-08-01 14:43:58',NULL),(430,82,2,45000,0,9,NULL,'2019-08-01 14:43:58',NULL),(431,85,2,50000,0,5,NULL,'2019-08-01 14:43:58',NULL),(432,95,2,30000,0,11,NULL,'2019-08-01 14:43:58',NULL),(433,97,2,15000,0,8,NULL,'2019-08-01 14:43:58',NULL),(434,99,2,40000,0,4,NULL,'2019-08-01 14:43:58',NULL),(435,294,2,30000,0,4,NULL,'2019-08-01 14:43:58',NULL),(436,293,2,45000,0,12,NULL,'2019-08-01 14:43:58',NULL),(437,91,2,50000,0,6,NULL,'2019-08-01 14:43:58',NULL),(438,86,2,45000,0,1,NULL,'2019-08-01 14:43:59',NULL),(439,157,2,25000,0,7,NULL,'2019-08-01 14:43:59',NULL),(440,166,2,75000,0,6,NULL,'2019-08-01 14:43:59',NULL),(441,165,2,55000,0,6,NULL,'2019-08-01 14:43:59',NULL),(442,159,2,35000,0,18,NULL,'2019-08-01 14:43:59',NULL),(443,281,2,20000,0,6,NULL,'2019-08-01 14:43:59',NULL),(444,167,2,75000,0,2,NULL,'2019-08-01 14:43:59',NULL),(445,163,2,85000,0,3,NULL,'2019-08-01 14:43:59',NULL),(446,298,2,25000,0,6,NULL,'2019-08-01 14:43:59',NULL),(447,299,2,45000,0,6,NULL,'2019-08-01 14:43:59',NULL),(448,130,2,135000,0,2,NULL,'2019-08-01 14:43:59',NULL),(449,128,2,95000,0,2,NULL,'2019-08-01 14:43:59',NULL),(450,285,2,100000,0,2,NULL,'2019-08-01 14:43:59',NULL),(451,133,2,100000,0,1,NULL,'2019-08-01 14:43:59',NULL),(452,144,2,50000,0,10,NULL,'2019-08-01 14:44:00',NULL),(453,137,2,0,0,1,NULL,'2019-08-01 14:44:00',NULL),(454,147,2,20000,0,10,NULL,'2019-08-01 14:44:00',NULL),(455,149,2,25000,0,13,NULL,'2019-08-01 14:44:00',NULL),(456,156,2,0,0,3,NULL,'2019-08-01 14:44:00',NULL),(457,286,2,0,0,7,NULL,'2019-08-01 14:44:00',NULL),(458,136,2,0,0,6,NULL,'2019-08-01 14:44:00',NULL),(459,141,2,30000,0,4,NULL,'2019-08-01 14:44:00',NULL),(460,151,2,0,0,13,NULL,'2019-08-01 14:44:00',NULL),(461,146,2,0,0,15,NULL,'2019-08-01 14:44:01',NULL),(462,150,2,0,0,14,NULL,'2019-08-01 14:44:01',NULL),(463,152,2,15000,0,15,NULL,'2019-08-01 14:44:01',NULL),(464,288,2,20000,0,16,NULL,'2019-08-01 14:44:01',NULL),(465,297,2,0,0,4,NULL,'2019-08-01 14:44:01',NULL),(466,139,2,0,0,12,NULL,'2019-08-01 14:44:01',NULL),(467,103,2,30000,0,4,NULL,'2019-08-01 14:44:01',NULL),(468,104,2,50000,0,0,NULL,'2019-08-01 14:44:01',NULL),(469,115,2,45000,0,5,NULL,'2019-08-01 14:44:01',NULL),(470,106,2,5000,0,5,NULL,'2019-08-01 14:44:01',NULL),(471,107,2,25000,0,6,NULL,'2019-08-01 14:44:01',NULL),(472,126,2,10000,0,13,NULL,'2019-08-01 14:44:01',NULL),(473,111,2,25000,0,4,NULL,'2019-08-01 14:44:01',NULL),(474,112,2,50000,0,4,NULL,'2019-08-01 14:44:01',NULL),(475,113,2,25000,0,6,NULL,'2019-08-01 14:44:01',NULL),(476,118,2,5000,0,7,NULL,'2019-08-01 14:44:01',NULL),(477,189,2,15000,0,5,NULL,'2019-08-01 14:44:02',NULL),(478,120,2,15000,0,1,NULL,'2019-08-01 14:44:02',NULL),(479,117,2,10000,0,7,NULL,'2019-08-01 14:44:02',NULL),(480,124,2,15000,0,12,NULL,'2019-08-01 14:44:02',NULL),(481,121,2,5000,0,20,NULL,'2019-08-01 14:44:03',NULL),(482,122,2,5000,0,9,NULL,'2019-08-01 14:44:03',NULL),(483,123,2,25000,0,5,NULL,'2019-08-01 14:44:03',NULL),(484,110,2,25000,0,2,NULL,'2019-08-01 14:44:03',NULL),(485,105,2,20000,0,6,NULL,'2019-08-01 14:44:03',NULL),(486,116,2,5000,0,9,NULL,'2019-08-01 14:44:03',NULL),(487,109,2,25000,0,8,NULL,'2019-08-01 14:44:03',NULL),(488,300,2,25000,0,6,NULL,'2019-08-01 14:44:03',NULL),(489,169,2,75000,0,1,NULL,'2019-08-01 14:44:03',NULL),(490,175,2,50000,0,3,NULL,'2019-08-01 14:44:03',NULL),(491,173,2,50000,0,2,NULL,'2019-08-01 14:44:03',NULL),(492,176,2,95000,0,1,NULL,'2019-08-01 14:44:03',NULL),(493,178,2,105000,0,2,NULL,'2019-08-01 14:44:03',NULL),(494,179,2,135000,0,2,NULL,'2019-08-01 14:44:03',NULL),(495,181,2,70000,0,10,NULL,'2019-08-01 14:44:04',NULL),(496,182,2,105000,0,2,NULL,'2019-08-01 14:44:04',NULL),(497,191,2,35000,0,3,NULL,'2019-08-01 14:44:04',NULL),(498,187,2,35000,0,17,NULL,'2019-08-01 14:44:04',NULL),(499,192,2,25000,0,6,NULL,'2019-08-01 14:44:04',NULL),(500,193,2,180000,0,0,NULL,'2019-08-01 14:44:04',NULL),(501,289,2,100000,0,2,NULL,'2019-08-01 14:44:04',NULL),(502,291,2,50000,0,4,NULL,'2019-08-01 14:44:04',NULL),(503,196,2,35000,0,80,NULL,'2019-08-01 14:44:04',NULL),(504,195,2,20000,0,31,NULL,'2019-08-01 14:44:04',NULL),(505,199,2,20000,0,20,NULL,'2019-08-01 14:44:04',NULL),(506,198,2,10000,0,42,NULL,'2019-08-01 14:44:04',NULL),(507,295,2,130000,0,1,NULL,'2019-08-01 14:44:04',NULL),(508,155,2,0,0,9,NULL,'2019-08-01 14:44:04',NULL),(509,143,2,0,0,1,NULL,'2019-08-01 14:44:05',NULL),(510,310,2,100000,0,1,NULL,'2019-08-01 14:56:52',NULL),(511,311,2,50000,0,8,NULL,'2019-08-01 14:56:52',NULL),(512,312,2,40000,0,2,NULL,'2019-08-01 14:56:52',NULL),(513,313,2,45000,0,2,NULL,'2019-08-01 14:56:52',NULL),(514,314,2,80000,0,1,NULL,'2019-08-01 14:56:52',NULL),(515,315,2,25000,0,15,NULL,'2019-08-01 14:56:53',NULL),(516,316,2,25000,0,3,NULL,'2019-08-01 14:56:53',NULL),(517,317,2,3000,0,23,NULL,'2019-08-01 14:56:53',NULL),(518,318,2,75000,0,2,NULL,'2019-08-01 14:56:53',NULL),(519,319,2,165000,0,1,NULL,'2019-08-01 14:56:53',NULL),(520,320,2,25000,0,1,NULL,'2019-08-01 10:18:46',NULL),(521,290,2,0,0,2,NULL,'2019-08-01 10:18:48',NULL),(522,321,2,35000,0,16,NULL,'2019-08-01 11:03:43',NULL),(523,321,5,45000,0,12,NULL,'2019-08-01 06:40:09',NULL),(524,82,5,45000,0,5,NULL,'2019-08-01 07:40:04',NULL),(525,309,5,25000,0,1,NULL,'2019-08-01 07:40:04',NULL),(526,102,5,50000,0,4,NULL,'2019-08-01 07:40:04',NULL),(527,85,5,50000,0,6,NULL,'2019-08-01 07:40:04',NULL),(528,87,5,40000,0,6,NULL,'2019-08-01 07:40:04',NULL),(529,101,5,55000,0,1,NULL,'2019-08-01 07:40:04',NULL),(530,278,5,50000,0,1,NULL,'2019-08-01 07:40:04',NULL),(531,93,5,40000,0,3,NULL,'2019-08-01 07:40:04',NULL),(532,97,5,15000,0,12,NULL,'2019-08-01 07:40:04',NULL),(533,192,5,30000,0,6,NULL,'2019-08-01 07:40:05',NULL),(534,191,5,35000,0,3,NULL,'2019-08-01 07:40:05',NULL),(535,168,5,80000,0,1,NULL,'2019-08-01 07:40:05',NULL),(536,284,5,70000,0,2,NULL,'2019-08-01 07:40:05',NULL),(537,161,5,65000,0,1,NULL,'2019-08-01 07:40:05',NULL),(538,286,5,25000,0,17,NULL,'2019-08-01 07:40:05',NULL),(539,136,5,30000,0,11,NULL,'2019-08-01 07:40:05',NULL),(540,139,5,20000,0,5,NULL,'2019-08-01 07:40:05',NULL),(541,140,5,35000,0,4,NULL,'2019-08-01 07:40:05',NULL),(542,143,5,50000,0,3,NULL,'2019-08-01 07:40:05',NULL),(543,147,5,25000,0,15,NULL,'2019-08-01 07:40:05',NULL),(544,150,5,20000,0,4,NULL,'2019-08-01 07:40:05',NULL),(545,149,5,25000,0,10,NULL,'2019-08-01 07:40:05',NULL),(546,151,5,15000,0,13,NULL,'2019-08-01 07:40:05',NULL),(547,146,5,25000,0,9,NULL,'2019-08-01 07:40:05',NULL),(548,154,5,20000,0,2,NULL,'2019-08-01 07:40:05',NULL),(549,157,5,25000,0,6,NULL,'2019-08-01 07:40:05',NULL),(550,281,5,25000,0,4,NULL,'2019-08-01 07:40:05',NULL),(551,159,5,35000,0,1,NULL,'2019-08-01 07:40:05',NULL),(552,166,5,75000,0,1,NULL,'2019-08-01 07:40:05',NULL),(553,178,5,0,0,1,NULL,'2019-08-01 07:40:06',NULL),(554,181,5,65000,0,1,NULL,'2019-08-01 07:40:06',NULL),(555,184,5,110000,0,3,NULL,'2019-08-01 07:40:06',NULL),(556,116,5,7000,0,1,NULL,'2019-08-01 07:40:06',NULL),(557,118,5,7000,0,7,NULL,'2019-08-01 07:40:06',NULL),(558,121,5,7000,0,10,NULL,'2019-08-01 07:40:06',NULL),(559,122,5,7000,0,1,NULL,'2019-08-01 07:40:06',NULL),(560,124,5,20000,0,5,NULL,'2019-08-01 07:40:06',NULL),(561,126,5,10000,0,1,NULL,'2019-08-01 07:40:06',NULL),(562,276,5,35000,0,6,NULL,'2019-08-01 07:40:06',NULL),(563,96,5,20000,0,1,NULL,'2019-08-01 07:40:06',NULL),(564,322,5,35000,0,2,NULL,'2019-08-01 07:43:46',NULL),(565,323,5,25000,0,2,NULL,'2019-08-01 07:43:47',NULL),(566,324,5,30000,0,3,NULL,'2019-08-01 07:43:47',NULL),(567,176,5,95000,0,1,NULL,'2019-08-01 07:48:20',NULL),(568,321,3,0,0,5,NULL,'2019-08-02 16:41:35',NULL),(569,78,3,0,0,2,NULL,'2019-08-02 17:04:56',NULL),(570,307,3,0,0,4,NULL,'2019-08-02 17:04:56',NULL);
/*!40000 ALTER TABLE `item_product_outlet` ENABLE KEYS */;
UNLOCK TABLES;

--
-- Table structure for table `item_type`
--

DROP TABLE IF EXISTS `item_type`;
/*!40101 SET @saved_cs_client     = @@character_set_client */;
/*!50503 SET character_set_client = utf8mb4 */;
CREATE TABLE `item_type` (
  `id` int(11) NOT NULL AUTO_INCREMENT,
  `name` varchar(20) NOT NULL,
  PRIMARY KEY (`id`)
) ENGINE=InnoDB AUTO_INCREMENT=5 DEFAULT CHARSET=latin1;
/*!40101 SET character_set_client = @saved_cs_client */;

--
-- Dumping data for table `item_type`
--

LOCK TABLES `item_type` WRITE;
/*!40000 ALTER TABLE `item_type` DISABLE KEYS */;
INSERT INTO `item_type` VALUES (1,'Aksesoris'),(2,'Perdana'),(3,'Voucher'),(4,'Pulsa');
/*!40000 ALTER TABLE `item_type` ENABLE KEYS */;
UNLOCK TABLES;

--
-- Table structure for table `log`
--

DROP TABLE IF EXISTS `log`;
/*!40101 SET @saved_cs_client     = @@character_set_client */;
/*!50503 SET character_set_client = utf8mb4 */;
CREATE TABLE `log` (
  `id` int(11) NOT NULL AUTO_INCREMENT,
  `user_id` int(11) NOT NULL,
  `outlet_id` varchar(10) NOT NULL,
  `target` varchar(30) NOT NULL,
  `object_id` int(11) DEFAULT NULL,
  `activity` text NOT NULL,
  `note` text NOT NULL,
  `updated_at` datetime NOT NULL DEFAULT CURRENT_TIMESTAMP,
  PRIMARY KEY (`id`),
  KEY `user_id` (`user_id`)
) ENGINE=InnoDB AUTO_INCREMENT=272 DEFAULT CHARSET=latin1;
/*!40101 SET character_set_client = @saved_cs_client */;

--
-- Dumping data for table `log`
--

LOCK TABLES `log` WRITE;
/*!40000 ALTER TABLE `log` DISABLE KEYS */;
INSERT INTO `log` VALUES (1,1,'2','transaction',1,'Transaksi beli \"Aksesoris tc Exporia 1 buah\"','','2019-08-01 10:20:05'),(2,1,'2','transaction',1,'Transaksi beli \"Aksesoris usb Ip Ori 1 buah\"','','2019-08-01 10:21:02'),(3,1,'2','transaction',1,'Transaksi beli \"Aksesoris dll Gurita 1 buah\"','','2019-08-01 10:21:20'),(4,1,'2','transaction',1,'Transaksi beli \"Aksesoris headfree Music  1 buah\"','','2019-08-01 17:23:04'),(5,1,'2','transaction',1,'Transaksi beli \"Aksesoris headfree Maestro 1 buah\"','','2019-08-01 17:23:09'),(6,1,'2','transaction',1,'Transaksi beli \"Aksesoris tc Exporia 1 buah\"','','2019-08-01 17:23:18'),(7,1,'2','transaction',1,'Transaksi beli \"Aksesoris tc Brand  1 buah\"','','2019-08-01 17:23:22'),(8,1,'2','transaction',1,'Transaksi beli \"Aksesoris power bank Pzx 1 buah\"','','2019-08-01 17:23:30'),(9,1,'2','transaction',1,'Transaksi beli \"Aksesoris usb Dap Type C 1 buah\"','','2019-08-01 17:23:41'),(10,1,'2','transaction',1,'Transaksi beli \"Aksesoris usb Dap Iphone 1 buah\"','','2019-08-01 17:23:44'),(11,1,'2','transaction',1,'Transaksi beli \"Aksesoris dll OTG Type C 1 buah\"','','2019-08-01 17:23:56'),(12,1,'2','transaction',1,'Transaksi beli \"Aksesoris dll Gurita 2 buah\"','','2019-08-01 17:24:02'),(13,1,'2','transaction',1,'Transaksi beli \"Aksesoris dll Dekstop 1 buah\"','','2019-08-01 17:24:12'),(14,1,'2','transaction',1,'Transaksi beli \"Perdana Simpati REG 2 buah\"','','2019-08-01 10:44:47'),(15,1,'2','transaction',1,'Transaksi beli \"Perdana Smartfreen 10GB 2 buah\"','','2019-08-01 10:45:49'),(16,1,'2','transaction',1,'Transaksi beli \"Perdana Smartfreen 16GB 1 buah\"','','2019-08-01 10:45:55'),(17,1,'2','transaction',1,'Transaksi beli \"Perdana Smartfreen 30GB 1 buah\"','','2019-08-01 10:46:01'),(18,1,'2','transaction',1,'Transaksi beli \"Perdana Smartfreen UNL 2 buah\"','','2019-08-01 10:46:06'),(19,1,'2','transaction',1,'Transaksi beli \"Perdana Axis REG 12 buah\"','','2019-08-01 10:46:16'),(20,1,'2','transaction',1,'Transaksi beli \"Perdana Axis 1GB 14 buah\"','','2019-08-01 10:46:21'),(21,1,'2','transaction',1,'Transaksi beli \"Perdana Axis 2GB 11 buah\"','','2019-08-01 10:46:25'),(22,1,'2','transaction',1,'Transaksi beli \"Perdana Axis 3GB 10 buah\"','','2019-08-01 10:46:29'),(23,1,'2','transaction',1,'Transaksi beli \"Perdana Axis 5GB 7 buah\"','','2019-08-01 10:46:33'),(24,1,'2','transaction',1,'Transaksi beli \"Perdana Three GM 2GB 10 buah\"','','2019-08-01 10:46:45'),(25,1,'2','transaction',1,'Transaksi beli \"Perdana XL 35GB 3 buah\"','','2019-08-01 10:47:06'),(26,1,'2','transaction',1,'Transaksi beli \"Perdana XL 6GB 4 buah\"','','2019-08-01 10:47:13'),(27,1,'2','transaction',1,'Transaksi beli \"Perdana XL 11GB 2 buah\"','','2019-08-01 10:47:19'),(28,1,'2','transaction',1,'Transaksi beli \"Voucher Simpati 10GB 1 buah\"','','2019-08-01 11:24:23'),(29,1,'2','transaction',1,'Transaksi beli \"Voucher Smartfreen 4GB 16 buah\"','','2019-08-01 11:24:35'),(30,1,'2','transaction',1,'Transaksi beli \"Voucher Smartfreen 10GB 21 buah\"','','2019-08-01 11:24:43'),(31,1,'2','transaction',1,'Transaksi beli \"Voucher Smartfreen 16GB 16 buah\"','','2019-08-01 11:24:49'),(32,1,'2','transaction',1,'Transaksi beli \"Voucher Smartfreen  UNL 5 buah\"','','2019-08-01 11:48:27'),(33,1,'2','transaction',1,'Transaksi beli \"Voucher Indosat YT 7Hr 2 buah\"','','2019-08-01 11:52:00'),(34,1,'2','transaction',1,'Transaksi beli \"Voucher Indosat 2GB Mini 2 buah\"','','2019-08-01 11:52:06'),(35,1,'2','transaction',1,'Transaksi beli \"Voucher Axis 1GB 5Hr 2 buah\"','','2019-08-01 11:52:18'),(36,1,'2','transaction',1,'Transaksi beli \"Voucher Axis 3GB 15Hr 1 buah\"','','2019-08-01 11:52:23'),(37,1,'2','transaction',1,'Transaksi beli \"Voucher Axis 1GB 3 buah\"','','2019-08-01 11:52:35'),(38,1,'2','transaction',1,'Transaksi beli \"Voucher Axis 2GB 2 buah\"','','2019-08-01 11:52:42'),(39,1,'2','transaction',1,'Transaksi beli \"Voucher Three BM 1GB 5 buah\"','','2019-08-01 11:53:01'),(40,1,'2','transaction',1,'Transaksi beli \"Voucher Three BM 3GB 1 buah\"','','2019-08-01 11:53:07'),(41,1,'2','transaction',1,'Transaksi beli \"Voucher Three 4GB 3 buah\"','','2019-08-01 11:53:14'),(42,1,'2','transaction',1,'Transaksi beli \"Voucher Three 33GB 1 buah\"','','2019-08-01 11:53:18'),(43,1,'2','transaction',1,'Transaksi beli \"Perdana Simpati 6.5 GB 3 buah\"','','2019-08-01 12:10:24'),(44,1,'2','transaction',1,'Transaksi beli \"Perdana Simpati 12GB 1 buah\"','','2019-08-01 12:10:55'),(45,1,'','item_outlet_category',7,'Tambah saldo Telkomsel sebesar 1707000','','2019-08-01 12:39:37'),(46,1,'','item_outlet_category',10,'Tambah saldo Smartfreen sebesar 286000','','2019-08-01 12:39:46'),(47,1,'','item_outlet_category',8,'Tambah saldo Indosat sebesar 1474900','','2019-08-01 12:40:04'),(48,1,'','item_outlet_category',11,'Tambah saldo Three sebesar 450453','','2019-08-01 12:40:18'),(49,1,'','item_outlet_category',9,'Tambah saldo XL sebesar 1474900','','2019-08-01 12:40:44'),(50,1,'','item_outlet_category',8,'Ubah saldo Indosat menjadi 1224534','','2019-08-01 12:41:05'),(51,1,'','item_outlet_category',12,'Tambah saldo True Money sebesar 550223','','2019-08-01 12:41:18'),(52,1,'2','transaction',1,'Transaksi beli \"Pulsa Telkomsel 5 6 buah\"','','2019-08-01 12:42:23'),(53,1,'2','transaction',1,'Transaksi beli \"Pulsa Telkomsel 10 10 buah\"','','2019-08-01 12:42:29'),(54,1,'2','transaction',1,'Transaksi beli \"Pulsa Telkomsel 20 3 buah\"','','2019-08-01 12:42:35'),(55,1,'2','transaction',1,'Transaksi beli \"Pulsa Telkomsel 25 5 buah\"','','2019-08-01 12:42:40'),(56,1,'2','transaction',1,'Transaksi beli \"Pulsa XL 5(rp) 7 buah\"','','2019-08-01 12:42:49'),(57,1,'2','transaction',1,'Transaksi beli \"Pulsa XL 10 7 buah\"','','2019-08-01 12:42:56'),(58,1,'2','transaction',1,'Transaksi beli \"Pulsa XL 25 2 buah\"','','2019-08-01 12:43:01'),(59,1,'2','transaction',1,'Transaksi beli \"Pulsa XL 50 2 buah\"','','2019-08-01 12:43:07'),(60,1,'2','transaction',1,'Transaksi beli \"Pulsa XL 100 3 buah\"','','2019-08-01 12:43:13'),(61,1,'2','transaction',1,'Transaksi beli \"Pulsa Indosat 5 6 buah\"','','2019-08-01 12:43:20'),(62,1,'2','transaction',1,'Transaksi beli \"Pulsa Indosat 10 4 buah\"','','2019-08-01 12:43:25'),(63,1,'2','transaction',1,'Transaksi beli \"Pulsa Indosat 50 4 buah\"','','2019-08-01 12:43:30'),(64,1,'2','transaction',1,'Transaksi beli \"Pulsa Smartfreen 5 2 buah\"','','2019-08-01 12:43:39'),(65,1,'2','transaction',1,'Transaksi beli \"Pulsa Smartfreen 10 2 buah\"','','2019-08-01 12:43:45'),(66,1,'2','transaction',1,'Transaksi beli \"Pulsa Three 10 5 buah\"','','2019-08-01 12:43:54'),(67,1,'2','transaction',1,'Transaksi beli \"Pulsa Telkomsel 5 2 buah\"','','2019-08-01 18:00:09'),(68,1,'2','transaction',1,'Transaksi beli \"Pulsa Telkomsel 10 12 buah\"','','2019-08-01 18:00:16'),(69,1,'2','transaction',1,'Transaksi beli \"Pulsa Telkomsel 20 8 buah\"','','2019-08-01 18:00:21'),(70,1,'2','transaction',1,'Transaksi beli \"Pulsa Telkomsel 25 4 buah\"','','2019-08-01 18:00:27'),(71,1,'2','transaction',1,'Transaksi beli \"Pulsa Telkomsel 50 4 buah\"','','2019-08-01 18:00:32'),(72,1,'2','transaction',1,'Transaksi beli \"Pulsa Telkomsel 100 5 buah\"','','2019-08-01 18:00:38'),(73,1,'2','transaction',1,'Transaksi beli \"Pulsa XL 5(rp) 7 buah\"','','2019-08-01 18:01:34'),(74,1,'2','transaction',1,'Transaksi beli \"Pulsa XL 10(rp) 7 buah\"','','2019-08-01 18:01:39'),(75,1,'2','transaction',1,'Transaksi beli \"Pulsa XL 25 2 buah\"','','2019-08-01 18:01:45'),(76,1,'2','transaction',1,'Transaksi beli \"Pulsa XL 50 4 buah\"','','2019-08-01 18:01:53'),(77,1,'2','transaction',1,'Transaksi beli \"Pulsa Indosat 5 4 buah\"','','2019-08-01 18:02:14'),(78,1,'2','transaction',1,'Transaksi beli \"Pulsa Indosat 10 2 buah\"','','2019-08-01 18:02:20'),(79,1,'2','transaction',1,'Transaksi beli \"Pulsa Indosat 25 3 buah\"','','2019-08-01 18:02:26'),(80,1,'2','transaction',1,'Transaksi beli \"Pulsa Smartfreen 5 1 buah\"','','2019-08-01 18:02:32'),(81,1,'2','transaction',1,'Transaksi beli \"Pulsa Three 5 5 buah\"','','2019-08-01 18:02:44'),(82,1,'2','transaction',1,'Transaksi beli \"Pulsa Three 10 5 buah\"','','2019-08-01 18:02:50'),(83,1,'2','transaction',1,'Transaksi beli \"Pulsa Three 20 3 buah\"','','2019-08-01 18:02:58'),(84,1,'2','transaction',1,'Transaksi beli \"Pulsa Three 50 1 buah\"','','2019-08-01 18:03:01'),(85,1,'2','transaction',1,'Transaksi beli \"Pulsa True Money 50 1 buah\"','','2019-08-01 18:03:34'),(86,1,'2','transaction',1,'Transaksi beli \"Perdana Simpati REG 1 buah\"','','2019-08-01 18:08:30'),(87,1,'2','transaction',1,'Transaksi beli \"Perdana Simpati 4GB 1 buah\"','','2019-08-01 18:08:33'),(88,1,'2','transaction',1,'Transaksi beli \"Perdana Simpati 6.5 GB 5 buah\"','','2019-08-01 18:08:39'),(89,1,'2','transaction',1,'Transaksi beli \"Perdana Simpati 12GB 3 buah\"','','2019-08-01 18:08:44'),(90,1,'2','transaction',1,'Transaksi beli \"Voucher Simpati 10GB 7 buah\"','','2019-08-01 18:08:58'),(91,1,'2','transaction',1,'Transaksi beli \"Perdana Indosat REG 1 buah\"','','2019-08-01 18:09:12'),(92,1,'2','transaction',1,'Transaksi beli \"Perdana Indosat 1GB Mini 1 buah\"','','2019-08-01 18:09:15'),(93,1,'2','transaction',1,'Transaksi beli \"Perdana Smartfreen 5GB 2 buah\"','','2019-08-01 18:09:24'),(94,1,'2','transaction',1,'Transaksi beli \"Perdana Smartfreen 10GB 2 buah\"','','2019-08-01 18:09:29'),(95,1,'2','transaction',1,'Transaksi beli \"Perdana Smartfreen UNL 4 buah\"','','2019-08-01 18:09:34'),(96,1,'2','transaction',1,'Transaksi beli \"Perdana XL REG 10000 1 buah\"','','2019-08-01 18:09:45'),(97,1,'2','transaction',1,'Transaksi beli \"Perdana XL 35GB 2 buah\"','','2019-08-01 18:09:51'),(98,1,'2','transaction',1,'Transaksi beli \"Perdana XL 6GB 2 buah\"','','2019-08-01 18:09:56'),(99,1,'2','transaction',1,'Transaksi beli \"Perdana XL 11GB 5 buah\"','','2019-08-01 18:10:01'),(100,1,'2','transaction',1,'Transaksi beli \"Perdana XL 21GB 2 buah\"','','2019-08-01 18:10:07'),(101,1,'2','transaction',1,'Transaksi beli \"Perdana Three BM 1GB 1 buah\"','','2019-08-01 18:10:12'),(102,1,'2','transaction',1,'Transaksi beli \"Perdana Three GM 5GB 2 buah\"','','2019-08-01 18:10:23'),(103,1,'2','transaction',1,'Transaksi beli \"Voucher Indosat YT 7Hr 3 buah\"','','2019-08-01 18:10:52'),(104,1,'2','transaction',1,'Transaksi beli \"Voucher Indosat V1GB 7Hr 2 buah\"','','2019-08-01 18:11:03'),(105,1,'2','transaction',1,'Transaksi beli \"Voucher Indosat 1GB Mini 3 buah\"','','2019-08-01 18:11:16'),(106,1,'2','transaction',1,'Transaksi beli \"Voucher Indosat 2GB Mini 1 buah\"','','2019-08-01 18:11:20'),(107,1,'2','transaction',1,'Transaksi beli \"Voucher Indosat 3GB UNL 1 buah\"','','2019-08-01 18:11:24'),(108,1,'2','transaction',1,'Transaksi beli \"Voucher Indosat 7GB UNL 3 buah\"','','2019-08-01 18:11:30'),(109,1,'2','transaction',1,'Transaksi beli \"Voucher Smartfreen 4GB 3 buah\"','','2019-08-01 18:11:38'),(110,1,'2','transaction',1,'Transaksi beli \"Voucher Smartfreen 10GB 3 buah\"','','2019-08-01 18:11:45'),(111,1,'2','transaction',1,'Transaksi beli \"Voucher Smartfreen 16GB 1 buah\"','','2019-08-01 18:11:48'),(112,1,'2','transaction',1,'Transaksi beli \"Voucher Smartfreen 30GB 3 buah\"','','2019-08-01 18:11:53'),(113,1,'2','transaction',1,'Transaksi beli \"Voucher Smartfreen  UNL 10 buah\"','','2019-08-01 18:11:58'),(114,1,'2','transaction',1,'Transaksi beli \"Voucher Axis 1GB 5Hr 15 buah\"','','2019-08-01 18:12:04'),(115,1,'2','transaction',1,'Transaksi beli \"Voucher Axis 2GB 7Hr 2 buah\"','','2019-08-01 18:12:09'),(116,1,'2','transaction',1,'Transaksi beli \"Voucher Axis 3GB 15Hr 2 buah\"','','2019-08-01 18:12:13'),(117,1,'2','transaction',1,'Transaksi beli \"Voucher Axis 5GB 15Hr 2 buah\"','','2019-08-01 18:12:20'),(118,1,'2','transaction',1,'Transaksi beli \"Voucher Axis 1GB 3 buah\"','','2019-08-01 18:12:28'),(119,1,'2','transaction',1,'Transaksi beli \"Voucher Axis 2GB 6 buah\"','','2019-08-01 18:12:33'),(120,1,'2','transaction',1,'Transaksi beli \"Voucher Axis 3GB 1 buah\"','','2019-08-01 18:12:39'),(121,1,'2','transaction',1,'Transaksi beli \"Voucher Axis 5GB 2 buah\"','','2019-08-01 18:12:44'),(122,1,'2','transaction',1,'Transaksi beli \"Voucher Three BM 1GB 2 buah\"','','2019-08-01 18:12:52'),(123,1,'2','transaction',1,'Transaksi beli \"Voucher Three BM 3GB 3 buah\"','','2019-08-01 18:12:57'),(124,1,'2','transaction',1,'Transaksi beli \"Voucher Three 4GB 1 buah\"','','2019-08-01 18:13:01'),(125,1,'2','transaction',1,'Transaksi beli \"Voucher Three 33GB 5 buah\"','','2019-08-01 18:13:07'),(126,1,'2','transaction',1,'Transaksi beli \"Aksesoris headfree Music  1 buah\"','','2019-08-01 18:13:24'),(127,1,'2','transaction',1,'Transaksi beli \"Aksesoris headfree Maestro 1 buah\"','','2019-08-01 18:14:02'),(128,1,'','user',1,'login','','2019-08-02 07:10:42'),(129,1,'$outlet_id','item_product_id',176,'Gudang pusat transfer \"Aksesoris flashdisk Tosiba 16GB sebanyak 1 pcs\" ke outlet OCU CARD','','2019-08-01 07:48:20'),(130,1,'$outlet_id','item_product_id',178,'Gudang pusat salah transfer \"Aksesoris flashdisk Sandis 16GB sebanyak 1 pcs\" ke outlet OCU CARD','','2019-08-01 07:48:36'),(131,1,'5','transaction',1,'Transaksi beli \"Pulsa Telkomsel 5 2 buah\"','','2019-08-01 08:29:35'),(132,1,'5','transaction',1,'Transaksi beli \"Pulsa Telkomsel 10 7 buah\"','','2019-08-01 08:29:46'),(133,1,'5','transaction',1,'Transaksi beli \"Pulsa Telkomsel 20 3 buah\"','','2019-08-01 08:30:01'),(134,1,'5','transaction',1,'Transaksi beli \"Pulsa Telkomsel 25 2 buah\"','','2019-08-01 08:30:10'),(135,1,'5','transaction',1,'Transaksi beli \"Pulsa Telkomsel 50 3 buah\"','','2019-08-01 08:30:50'),(136,1,'5','transaction',1,'Transaksi beli \"Pulsa XL 5 4 buah\"','','2019-08-01 08:31:02'),(137,1,'5','transaction',1,'Transaksi beli \"Pulsa XL 10 4 buah\"','','2019-08-01 08:31:11'),(138,1,'5','transaction',1,'Transaksi beli \"Pulsa XL 50 1 buah\"','','2019-08-01 08:31:18'),(139,1,'5','transaction',1,'Transaksi beli \"Pulsa Indosat 5 5 buah\"','','2019-08-01 08:31:31'),(140,1,'5','transaction',1,'Transaksi beli \"Pulsa Indosat 10 1 buah\"','','2019-08-01 08:31:38'),(141,1,'5','transaction',1,'Transaksi beli \"Pulsa Three 5 4 buah\"','','2019-08-01 08:32:00'),(142,1,'5','transaction',1,'Transaksi beli \"Pulsa Three 5 2 buah\"','','2019-08-01 08:32:09'),(143,1,'5','transaction',1,'Transaksi beli \"Pulsa Three 20 1 buah\"','','2019-08-01 08:32:15'),(144,1,'5','transaction',1,'Transaksi beli \"Voucher Simpati 15GB 2 buah\"','','2019-08-01 08:36:55'),(145,1,'5','transaction',1,'Transaksi beli \"Voucher Simpati 10GB 1 buah\"','','2019-08-01 08:37:05'),(146,1,'5','transaction',1,'Transaksi beli \"Voucher Indosat V1GB 7Hr 1 buah\"','','2019-08-01 08:37:44'),(147,1,'5','transaction',1,'Transaksi beli \"Voucher Indosat 1GB Mini 2 buah\"','','2019-08-01 08:37:56'),(148,1,'5','transaction',1,'Transaksi beli \"Voucher Indosat 2GB Mini 1 buah\"','','2019-08-01 08:38:06'),(149,1,'5','transaction',1,'Transaksi beli \"Voucher Indosat 3GB UNL 1 buah\"','','2019-08-01 08:38:32'),(150,1,'5','transaction',1,'Transaksi beli \"Perdana Smartfreen 5GB 2 buah\"','','2019-08-01 08:38:54'),(151,1,'5','transaction',1,'Transaksi beli \"Perdana Smartfreen 16GB 1 buah\"','','2019-08-01 08:39:04'),(152,1,'5','transaction',1,'Transaksi beli \"Perdana Smartfreen UNL 3 buah\"','','2019-08-01 08:39:23'),(153,1,'5','transaction',1,'Transaksi beli \"Voucher Smartfreen 10GB 1 buah\"','','2019-08-01 08:39:42'),(154,1,'5','transaction',1,'Transaksi beli \"Voucher Smartfreen  UNL 1 buah\"','','2019-08-01 08:39:59'),(155,1,'5','transaction',1,'Transaksi beli \"Voucher Axis 1GB 5Hr 3 buah\"','','2019-08-01 08:40:21'),(156,1,'5','transaction',1,'Transaksi beli \"Voucher Axis 3GB 15Hr 2 buah\"','','2019-08-01 08:40:32'),(157,1,'5','transaction',1,'Transaksi beli \"Perdana XL 35GB 2 buah\"','','2019-08-01 08:41:17'),(158,1,'5','transaction',1,'Transaksi beli \"Perdana XL 11GB 2 buah\"','','2019-08-01 08:41:31'),(159,1,'5','transaction',1,'Transaksi beli \"Voucher Three BM 1GB 1 buah\"','','2019-08-01 08:41:51'),(160,1,'5','transaction',1,'Transaksi beli \"Voucher Three BM 3GB 1 buah\"','','2019-08-01 08:42:00'),(161,1,'5','transaction',1,'Transaksi beli \"Voucher Three 4GB 3 buah\"','','2019-08-01 08:42:14'),(162,1,'5','transaction',1,'Transaksi beli \"Aksesoris dll Gurita 1 buah\"','','2019-08-01 08:43:43'),(163,1,'','user',1,'login','','2019-08-02 16:05:54'),(164,1,'','item_outlet_category',13,'Tambah saldo Telkomsel sebesar 944000','','2019-08-02 17:09:08'),(165,1,'','item_outlet_category',16,'Tambah saldo Three sebesar 326984','','2019-08-02 17:09:30'),(166,1,'','item_outlet_category',14,'Tambah saldo Indosat sebesar 418750','','2019-08-02 17:10:34'),(167,1,'','item_outlet_category',17,'Tambah saldo Smartfren sebesar 120000','','2019-08-02 17:10:47'),(168,1,'','item_outlet_category',15,'Tambah saldo XL sebesar 288143','','2019-08-02 17:11:03'),(169,1,'','item_outlet_category',18,'Tambah saldo True Money sebesar 549000','','2019-08-02 17:11:17'),(170,1,'3','transaction',1,'Transaksi beli \"Pulsa Telkomsel 10 1 buah\"','','2019-08-01 06:10:31'),(171,1,'3','transaction',1,'Transaksi beli \"Pulsa Telkomsel 25 1 buah\"','','2019-08-01 06:10:47'),(172,1,'3','transaction',1,'Transaksi beli \"Pulsa Telkomsel 50 1 buah\"','','2019-08-01 06:10:53'),(173,1,'3','transaction',1,'Transaksi beli \"Pulsa Telkomsel 100 1 buah\"','','2019-08-01 06:24:33'),(174,1,'3','transaction',1,'Transaksi beli \"Pulsa Indosat 10 1 buah\"','','2019-08-01 06:24:47'),(175,1,'3','transaction',1,'Transaksi beli \"Pulsa Three 10 1 buah\"','','2019-08-01 06:25:05'),(176,1,'3','transaction',1,'Transaksi beli \"Pulsa Three 50 1 buah\"','','2019-08-01 06:25:16'),(177,1,'3','transaction',1,'Transaksi beli \"Voucher Simpati 10GB 2 buah\"','','2019-08-01 06:26:49'),(178,1,'3','transaction',1,'Transaksi beli \"Perdana Indosat REG 1 buah\"','','2019-08-01 06:27:07'),(179,1,'3','transaction',1,'Transaksi beli \"Voucher Indosat 7GB UNL 1 buah\"','','2019-08-01 06:28:10'),(180,1,'3','transaction',1,'Transaksi beli \"Voucher Smartfreen  UNL 1 buah\"','','2019-08-01 06:28:24'),(181,1,'3','transaction',1,'Transaksi beli \"Perdana Smartfreen UNL 1 buah\"','','2019-08-01 06:29:30'),(182,1,'3','transaction',1,'Transaksi beli \"Voucher Axis 3GB 15Hr 1 buah\"','','2019-08-01 06:29:49'),(183,1,'3','transaction',1,'Transaksi beli \"Voucher Axis 5GB 15Hr 1 buah\"','','2019-08-01 06:29:56'),(184,1,'3','transaction',1,'Transaksi beli \"Perdana XL 31GB 1 buah\"','','2019-08-01 06:30:15'),(185,1,'3','transaction',1,'Transaksi beli \"Voucher Three BM 1GB 1 buah\"','','2019-08-01 06:30:30'),(186,1,'3','transaction',1,'Transaksi beli \"Aksesoris headfree Samsung  1 buah\"','','2019-08-01 06:31:27'),(187,1,'3','transaction',1,'Transaksi beli \"Aksesoris tg Tg Hiaru 1 buah\"','','2019-08-01 06:31:48'),(188,1,'','user',1,'login','','2019-08-02 04:13:22'),(189,1,'3','transaction',1,'Transaksi beli \"Pulsa Telkomsel 5 2 buah\"','','2019-08-01 16:33:34'),(190,1,'3','transaction',1,'Transaksi beli \"Pulsa Telkomsel 10 3 buah\"','','2019-08-01 16:33:45'),(191,1,'3','transaction',1,'Transaksi beli \"Pulsa Telkomsel 25 1 buah\"','','2019-08-01 16:33:51'),(192,1,'3','transaction',1,'Transaksi beli \"Pulsa XL 5 2 buah\"','','2019-08-01 16:34:05'),(193,1,'3','transaction',1,'Transaksi beli \"Pulsa XL 10 1 buah\"','','2019-08-01 16:34:11'),(194,1,'3','transaction',1,'Transaksi beli \"Pulsa Three 5 3 buah\"','','2019-08-01 16:34:30'),(195,1,'3','transaction',1,'Transaksi beli \"Pulsa Three 5 3 buah\"','','2019-08-01 16:34:40'),(196,1,'3','transaction',1,'Transaksi beli \"Pulsa True Money 20 1 buah\"','','2019-08-01 16:35:14'),(197,1,'3','transaction',1,'Transaksi beli \"Perdana Simpati 4GB 1 buah\"','','2019-08-01 16:35:31'),(198,1,'3','transaction',1,'Transaksi beli \"Voucher Simpati 15GB 1 buah\"','','2019-08-01 16:35:44'),(199,1,'3','transaction',1,'Transaksi beli \"Voucher Simpati 10GB 1 buah\"','','2019-08-01 16:35:49'),(200,1,'3','transaction',1,'Transaksi beli \"Voucher Indosat YT 7Hr 3 buah\"','','2019-08-01 16:36:07'),(201,1,'3','transaction',1,'Transaksi beli \"Voucher Indosat 1GB Mini 4 buah\"','','2019-08-01 16:36:18'),(202,1,'3','transaction',1,'Transaksi beli \"Voucher Indosat 2GB Mini 2 buah\"','','2019-08-01 16:36:28'),(203,1,'3','transaction',1,'Transaksi beli \"Voucher Indosat 3GB UNL 2 buah\"','','2019-08-01 16:36:41'),(204,1,'3','transaction',1,'Transaksi beli \"Voucher Smartfreen 10GB 1 buah\"','','2019-08-01 16:36:58'),(205,1,'3','transaction',1,'Transaksi beli \"Voucher Smartfreen 30GB 1 buah\"','','2019-08-01 16:37:05'),(206,1,'3','transaction',1,'Transaksi beli \"Voucher Smartfreen  UNL 2 buah\"','','2019-08-01 16:37:14'),(207,1,'3','transaction',1,'Transaksi beli \"Perdana Axis 1GB 1 buah\"','','2019-08-01 16:37:30'),(208,1,'3','transaction',1,'Transaksi beli \"Voucher Axis 1GB 5Hr 3 buah\"','','2019-08-01 16:37:51'),(209,1,'3','transaction',1,'Transaksi beli \"Voucher Axis 1GB 1 buah\"','','2019-08-01 16:38:00'),(210,1,'3','transaction',1,'Transaksi beli \"Voucher Axis 3GB 1 buah\"','','2019-08-01 16:38:09'),(211,1,'3','transaction',1,'Transaksi beli \"Perdana XL 31GB 1 buah\"','','2019-08-01 16:38:24'),(212,1,'3','transaction',1,'Transaksi beli \"Perdana Three BM 1GB 1 buah\"','','2019-08-01 16:39:42'),(213,1,'3','transaction',1,'Transaksi barang rusak \"Perdana Three BM 1GB 1 buah\"','tdk ada kuota','2019-08-01 16:41:53'),(214,1,'3','transaction',1,'Transaksi beli \"Voucher Three BM 1GB 5 buah\"','','2019-08-01 16:42:28'),(215,1,'3','transaction',1,'Transaksi beli \"Voucher Three 33GB 2 buah\"','','2019-08-01 16:42:46'),(216,1,'3','transaction',1,'Transaksi beli \"Pulsa Three 5 3 buah\"','','2019-08-01 16:44:48'),(217,1,'3','transaction',1,'Transaksi beli \"Pulsa Three 10 3 buah\"','','2019-08-01 16:44:57'),(218,1,'5','transaction',1,'Transaksi beli \"Aksesoris dll Gurita 1 buah\"','','2019-09-04 15:13:22'),(219,1,'','user',1,'login','','2019-09-04 15:59:32'),(220,1,'','user',1,'login','','2019-09-04 20:59:26'),(221,1,'1','transaction',1,'Transaksi beli \"Pulsa Indosat 25 1 buah\"','','2019-09-04 21:00:09'),(222,1,'1','transaction',1,'Transaksi retur ganti \"Pulsa Indosat 25 1 buah\"','','2019-09-04 21:00:22'),(223,1,'','user',1,'logout','','2019-09-04 21:24:31'),(224,1,'','user',1,'login','','2019-09-04 21:24:38'),(225,1,'','user',1,'login','','2019-09-05 00:35:19'),(226,1,'','item_outlet_category',4,'Ubah saldo Smartfreen menjadi 400000','','2019-09-05 04:46:22'),(227,1,'','user',1,'login','','2019-09-05 22:14:55'),(228,1,'','user',1,'login','','2019-09-07 20:50:23'),(229,1,'1','transaction',1,'Transaksi beli \"Aksesoris adaptor Mark 1 buah\"','','2019-09-07 20:52:15'),(230,1,'1','transaction',1,'Transaksi beli \"Aksesoris adaptor Mark 2 buah\"','','2019-09-07 20:52:21'),(231,1,'1','transaction',1,'Transaksi beli \"Aksesoris adaptor Mark 1 buah\"','','2019-09-07 22:15:32'),(232,1,'1','transaction',1,'Transaksi beli \"Pulsa Indosat 5 1 buah\"','','2019-09-07 22:33:47'),(233,1,'1','transaction',1,'Transaksi beli \"Pulsa Indosat 5 2 buah\"','','2019-09-07 22:33:56'),(234,1,'','user',1,'login','','2019-09-08 01:27:11'),(235,1,'1','transaction',1,'Transaksi beli \"Pulsa Telkomsel 10 1 buah\"','','2019-09-08 02:20:39'),(236,1,'1','transaction',1,'Transaksi beli \"Pulsa Telkomsel 10 2 buah\"','','2019-09-08 02:20:47'),(237,1,'','user',1,'login','','2019-09-08 23:00:14'),(238,1,'1','transaction',1,'Transaksi beli \"Aksesoris adaptor Mark 1 buah\"','','2019-09-08 23:00:28'),(239,1,'1','transaction',1,'Transaksi beli \"Aksesoris adaptor Mark 2 buah\"','','2019-09-08 23:00:33'),(240,1,'1','transaction',1,'Transaksi beli \"Aksesoris adaptor Mark 1 buah\"','','2019-09-09 09:03:24'),(241,1,'$outlet_id','item_product_id',192,'Gudang pusat transfer \"Aksesoris adaptor Mark sebanyak 100 pcs\" ke outlet SC OC Card','','2019-09-09 09:06:25'),(242,1,'1','transaction',1,'Transaksi beli \"Aksesoris adaptor Mark 1 buah\"','','2019-09-09 09:08:08'),(243,1,'1','transaction',1,'Transaksi beli \"Aksesoris adaptor Mark 9 buah\"','','2019-09-09 09:11:53'),(244,1,'$outlet_id','item_product_id',192,'Gudang pusat transfer \"Aksesoris adaptor Mark sebanyak 50 pcs\" ke outlet SC OC Card','','2019-09-09 09:12:18'),(245,1,'1','transaction',1,'Transaksi beli \"Aksesoris adaptor Mark 5 buah\"','','2019-09-09 09:12:46'),(246,1,'$outlet_id','item_product_id',191,'Gudang pusat transfer \"Aksesoris adaptor Vgen  sebanyak 50 pcs\" ke outlet SC OC Card','','2019-09-09 09:14:07'),(247,1,'1','transaction',1,'Transaksi beli \"Aksesoris adaptor Vgen  10 buah\"','','2019-09-09 09:14:24'),(248,1,'1','transaction',1,'','','2019-09-09 02:33:36'),(249,1,'1','transaction',1,'','','2019-09-09 02:34:51'),(250,1,'1','transaction',1,'','','2019-09-09 02:35:06'),(251,1,'1','transaction',1,'Transaksi retur_gbb catatan \"Pulsa Three 10 1 buah\"','','2019-09-09 02:36:10'),(252,1,'1','transaction',1,'Transaksi retur_gbb catatan \"Pulsa Three 10 1 buah\"','','2019-09-09 02:37:22'),(253,1,'1','transaction',1,'Transaksi retur catatan \"Pulsa Three 10 1 buah\"','','2019-09-09 02:39:30'),(254,1,'1','transaction',1,'Transaksi retur catatan \"Pulsa Three 10 1 buah\"','','2019-09-09 02:40:36'),(255,1,'1','transaction',1,'Transaksi beli \"Pulsa Three 10 1 buah\"','','2019-09-09 02:44:25'),(256,1,'1','transaction',1,'Transaksi retur barang utuh \"Pulsa Three 10 1 buah\"','','2019-09-09 02:44:34'),(257,1,'1','transaction',1,'Transaksi retur barang rusak \"Pulsa Three 10 1 buah\"','','2019-09-09 02:44:40'),(258,1,'1','transaction',1,'Transaksi retur ganti barang baru \"Pulsa Three 10 1 buah\"','','2019-09-09 02:44:55'),(259,1,'1','transaction',1,'Transaksi beli \"Aksesoris adaptor Mark 1 buah\"','','2019-09-09 04:02:13'),(260,1,'1','transaction',1,'Transaksi beli \"Aksesoris adaptor Mark 1 buah\"','','2019-09-09 04:07:15'),(261,1,'1','transaction',1,'Transaksi beli \"Perdana Indosat 1GB Mini 1 buah\"','','2019-09-09 04:08:54'),(262,1,'1','transaction',1,'Transaksi beli \"Voucher Indosat 1GB Mini 2 buah\"','','2019-09-09 04:09:02'),(263,1,'1','transaction',1,'Transaksi beli \"Pulsa Smartfreen 10 1 buah\"','','2019-09-09 04:09:08'),(264,1,'1','transaction',1,'Transaksi retur catatan \"Aksesoris adaptor Mark 1 buah\"','','2019-09-09 05:05:16'),(265,1,'1','transaction',1,'Transaksi retur ganti barang baru \"Aksesoris adaptor Mark 1 buah\"','','2019-09-09 05:06:31'),(266,1,'','user',1,'login','','2020-07-14 23:57:16'),(267,1,'','user',1,'login','','2020-07-15 19:19:29'),(268,1,'','user',1,'login','','2020-07-16 22:12:43'),(269,1,'','user',1,'login','','2020-07-20 18:58:59'),(270,1,'','user',1,'login','','2020-07-20 21:03:11'),(271,1,'','user',1,'login','','2020-07-21 23:15:04');
/*!40000 ALTER TABLE `log` ENABLE KEYS */;
UNLOCK TABLES;

--
-- Table structure for table `outlet`
--

DROP TABLE IF EXISTS `outlet`;
/*!40101 SET @saved_cs_client     = @@character_set_client */;
/*!50503 SET character_set_client = utf8mb4 */;
CREATE TABLE `outlet` (
  `id` int(11) NOT NULL AUTO_INCREMENT,
  `name` varchar(20) NOT NULL,
  `address` text NOT NULL,
  `deleted_at` datetime DEFAULT NULL,
  PRIMARY KEY (`id`)
) ENGINE=InnoDB AUTO_INCREMENT=6 DEFAULT CHARSET=latin1;
/*!40101 SET character_set_client = @saved_cs_client */;

--
-- Dumping data for table `outlet`
--

LOCK TABLES `outlet` WRITE;
/*!40000 ALTER TABLE `outlet` DISABLE KEYS */;
INSERT INTO `outlet` VALUES (1,'SC OC Card','Jl. AM Sangadji no.24',NULL),(2,'SC Mobile','Jl. Prof. Sardjito 26 B',NULL),(3,'anakila cell','jl kapten haryadi',NULL),(4,'anakila cell','jl kapten haryadi','2019-08-09 03:15:22'),(5,'OCU CARD','jl PETUNG PAPRINGAN',NULL);
/*!40000 ALTER TABLE `outlet` ENABLE KEYS */;
UNLOCK TABLES;

--
-- Table structure for table `permission`
--

DROP TABLE IF EXISTS `permission`;
/*!40101 SET @saved_cs_client     = @@character_set_client */;
/*!50503 SET character_set_client = utf8mb4 */;
CREATE TABLE `permission` (
  `id` int(11) NOT NULL AUTO_INCREMENT,
  `name` varchar(100) NOT NULL,
  `label` varchar(100) NOT NULL,
  `deleted_at` datetime DEFAULT NULL,
  PRIMARY KEY (`id`)
) ENGINE=InnoDB AUTO_INCREMENT=25 DEFAULT CHARSET=latin1;
/*!40101 SET character_set_client = @saved_cs_client */;

--
-- Dumping data for table `permission`
--

LOCK TABLES `permission` WRITE;
/*!40000 ALTER TABLE `permission` DISABLE KEYS */;
INSERT INTO `permission` VALUES (1,'r-gudang-pusat','Mengelola gudang pusat',NULL),(2,'r-manajemen-log','Melihat log aktifitas user',NULL),(3,'r-manajamen-thebest','Melihat daftar pengguna terbaik',NULL),(4,'r-manajamen-pengguna','Mengelola data pengguna',NULL),(5,'r-manajamen-outlet','Mengelola data outlet',NULL),(6,'r-transaksi-outlet-1','Melakukan transaksi pada Outlet-1',NULL),(7,'r-rekapan-outlet-1','Melihat rekapan transaksi pada Outlet-1',NULL),(8,'r-gudang-outlet-1','Mengelola gudang pada Outlet-1',NULL),(9,'r-transaksi-outlet-2','Melakukan transaksi pada Outlet-2',NULL),(10,'r-rekapan-outlet-2','Melihat rekapan transaksi pada Outlet-2',NULL),(11,'r-gudang-outlet-2','Mengelola gudang pada Outlet-2',NULL),(12,'r-transaksi-outlet-3','Melakukan transaksi pada anakila cell',NULL),(13,'r-rekapan-outlet-3','Melihat rekapan transaksi pada anakila cell',NULL),(14,'r-gudang-outlet-3','Mengelola gudang pada anakila cell',NULL),(15,'r-transaksi-outlet-4','Melakukan transaksi pada anakila cell','2019-08-09 03:15:22'),(16,'r-rekapan-outlet-4','Melihat rekapan transaksi pada anakila cell','2019-08-09 03:15:22'),(17,'r-gudang-outlet-4','Mengelola gudang pada anakila cell','2019-08-09 03:15:22'),(18,'r-transaksi-outlet-5','Melakukan transaksi pada OCU CARD',NULL),(19,'r-rekapan-outlet-5','Melihat rekapan transaksi pada OCU CARD',NULL),(20,'r-gudang-outlet-5','Mengelola gudang pada OCU CARD',NULL),(21,'r-log-outlet-1','Melihat log pada outlet 1',NULL),(22,'r-log-outlet-2','Melihat log pada outlet 2',NULL),(23,'r-log-outlet-3','Melihat log pada outlet 3',NULL),(24,'r-log-outlet-4','Melihat log pada outlet 4',NULL);
/*!40000 ALTER TABLE `permission` ENABLE KEYS */;
UNLOCK TABLES;

--
-- Table structure for table `saldo_awal`
--

DROP TABLE IF EXISTS `saldo_awal`;
/*!40101 SET @saved_cs_client     = @@character_set_client */;
/*!50503 SET character_set_client = utf8mb4 */;
CREATE TABLE `saldo_awal` (
  `id` int(11) NOT NULL AUTO_INCREMENT,
  `outlet_id` int(11) NOT NULL,
  `category` text NOT NULL,
  `saldo` text NOT NULL,
  `shift` text NOT NULL,
  `tanggal` date NOT NULL,
  PRIMARY KEY (`id`)
) ENGINE=InnoDB AUTO_INCREMENT=26 DEFAULT CHARSET=latin1;
/*!40101 SET character_set_client = @saved_cs_client */;

--
-- Dumping data for table `saldo_awal`
--

LOCK TABLES `saldo_awal` WRITE;
/*!40000 ALTER TABLE `saldo_awal` DISABLE KEYS */;
INSERT INTO `saldo_awal` VALUES (1,2,'Telkomsel','1707000','pagi','2019-08-01'),(2,2,'XL','1474900','pagi','2019-08-01'),(3,2,'Indosat','1224534','pagi','2019-08-01'),(4,2,'Smartfreen','286000','pagi','2019-08-01'),(5,2,'Three','450453','pagi','2019-08-01'),(6,2,'Telkomsel','1582000','sore','2019-08-01'),(7,2,'XL','983950','sore','2019-08-01'),(8,2,'Indosat','951034','sore','2019-08-01'),(9,2,'Smartfreen','256000','sore','2019-08-01'),(10,2,'Three','399363','sore','2019-08-01'),(11,2,'True Money','550223','sore','2019-08-01'),(12,5,'Telkomsel','0','pagi','2019-08-01'),(13,5,'XL','0','pagi','2019-08-01'),(14,5,'Indosat','0','pagi','2019-08-01'),(15,5,'Three','0','pagi','2019-08-01'),(16,3,'Telkomsel','944000','pagi','2019-08-01'),(17,3,'Indosat','418750','pagi','2019-08-01'),(18,3,'Three','326984','pagi','2019-08-01'),(19,3,'Telkomsel','769000','sore','2019-08-01'),(20,3,'Three','267641','sore','2019-08-01'),(21,3,'True Money','549000','sore','2019-08-01'),(22,1,'Indosat','0','sore','2019-09-04'),(23,1,'Indosat','-54000','sore','2019-09-07'),(24,1,'Three','-4000','sore','2019-09-09'),(25,1,'Smartfreen','-120055','sore','2019-09-09');
/*!40000 ALTER TABLE `saldo_awal` ENABLE KEYS */;
UNLOCK TABLES;

--
-- Table structure for table `total_uang_di_laci`
--

DROP TABLE IF EXISTS `total_uang_di_laci`;
/*!40101 SET @saved_cs_client     = @@character_set_client */;
/*!50503 SET character_set_client = utf8mb4 */;
CREATE TABLE `total_uang_di_laci` (
  `id` int(11) NOT NULL AUTO_INCREMENT,
  `outlet_id` int(11) NOT NULL,
  `total` text NOT NULL,
  `tanggal` date NOT NULL,
  `shift` text NOT NULL,
  PRIMARY KEY (`id`),
  KEY `total_uang_di_laci_ibfk_1` (`outlet_id`),
  CONSTRAINT `total_uang_di_laci_ibfk_1` FOREIGN KEY (`outlet_id`) REFERENCES `outlet` (`id`) ON DELETE CASCADE ON UPDATE CASCADE
) ENGINE=InnoDB AUTO_INCREMENT=5 DEFAULT CHARSET=latin1;
/*!40101 SET character_set_client = @saved_cs_client */;

--
-- Dumping data for table `total_uang_di_laci`
--

LOCK TABLES `total_uang_di_laci` WRITE;
/*!40000 ALTER TABLE `total_uang_di_laci` DISABLE KEYS */;
INSERT INTO `total_uang_di_laci` VALUES (3,3,'792000','2019-08-01','pagi'),(4,1,'2000','2019-09-07','sore');
/*!40000 ALTER TABLE `total_uang_di_laci` ENABLE KEYS */;
UNLOCK TABLES;

--
-- Table structure for table `transaction`
--

DROP TABLE IF EXISTS `transaction`;
/*!40101 SET @saved_cs_client     = @@character_set_client */;
/*!50503 SET character_set_client = utf8mb4 */;
CREATE TABLE `transaction` (
  `id` int(11) NOT NULL AUTO_INCREMENT,
  `user_id` int(11) NOT NULL,
  `outlet_id` int(11) NOT NULL,
  `item_outlet_id` int(11) NOT NULL,
  `type` varchar(20) NOT NULL,
  `category` varchar(50) NOT NULL,
  `product` varchar(50) NOT NULL,
  `modal` varchar(10) NOT NULL,
  `cost` varchar(10) NOT NULL,
  `many` varchar(10) NOT NULL,
  `awl` varchar(10) NOT NULL,
  `lk` varchar(10) NOT NULL,
  `plus` varchar(10) NOT NULL,
  `transfer` text NOT NULL,
  `retur_br` varchar(10) NOT NULL,
  `retur_gbb` varchar(10) NOT NULL,
  `retur_bu` varchar(10) NOT NULL,
  `retur_c` text NOT NULL,
  `retur_u` varchar(10) NOT NULL,
  `ak` varchar(10) NOT NULL,
  `note` text NOT NULL,
  `status` text NOT NULL,
  `unit` varchar(10) NOT NULL DEFAULT '',
  `from_outlet` int(11) NOT NULL,
  `updated_at` datetime NOT NULL DEFAULT CURRENT_TIMESTAMP,
  PRIMARY KEY (`id`),
  KEY `outlet_id` (`outlet_id`),
  KEY `user_id` (`user_id`),
  KEY `from_outlet` (`from_outlet`),
  CONSTRAINT `transaction_ibfk_1` FOREIGN KEY (`from_outlet`) REFERENCES `outlet` (`id`) ON DELETE CASCADE ON UPDATE CASCADE
) ENGINE=InnoDB AUTO_INCREMENT=15 DEFAULT CHARSET=latin1;
/*!40101 SET character_set_client = @saved_cs_client */;

--
-- Dumping data for table `transaction`
--

LOCK TABLES `transaction` WRITE;
/*!40000 ALTER TABLE `transaction` DISABLE KEYS */;
INSERT INTO `transaction` VALUES (1,1,1,155,'Aksesoris','adaptor','Mark','14000','30000','1','124','1','','','','','','','','123','','beli','Unit',1,'2019-09-09 04:07:15'),(2,1,1,8,'Perdana','Indosat','1GB Mini','13800','22000','1','0','1','','','','','','','','-1','','beli','Unit',1,'2019-09-09 04:08:54'),(3,1,1,12,'Voucher','Indosat','1GB Mini','19500','22000','2','0','2','','','','','','','','-2','','beli','Unit',1,'2019-09-09 04:09:02'),(4,1,1,48,'Pulsa','Smartfreen','10','10000','11000','1','','1','','','','','','','','','','beli','Bluk',1,'2019-09-09 04:09:08'),(5,1,1,2,'Pulsa','Telkomsel','10','10300','11000','2','15','','-13','','','','','','','17','','tambah_unit','Unit',1,'2019-09-09 04:52:31'),(6,1,1,2,'Pulsa','Telkomsel','10','10300','11000','5','17','','7','','','','','','','22','','tambah_unit','Unit',1,'2019-09-09 04:54:12'),(7,1,1,2,'Pulsa','Telkomsel','10','10300','11000','17','22','','17','','','','','','','34','','tambah_unit','Unit',1,'2019-09-09 04:54:52'),(8,1,1,2,'Pulsa','Telkomsel','10','10300','11000','24','34','','24','','','','','','','46','','tambah_unit','Unit',1,'2019-09-09 04:54:59'),(9,1,1,2,'Pulsa','Telkomsel','10','10300','11000','15','46','','15','','','','','','','49','','tambah_unit','Unit',1,'2019-09-09 04:55:39'),(10,1,1,2,'Pulsa','Telkomsel','10','10300','11000','17','49','','17','','','','','','','51','','tambah_unit','Unit',1,'2019-09-09 04:57:52'),(11,1,1,2,'Pulsa','Telkomsel','10','10300','11000','18','51','','18','','','','','','','52','','tambah_unit','Unit',1,'2019-09-09 04:58:28'),(12,1,1,2,'Pulsa','Telkomsel','10','10300','11000','19','52','','19','','','','','','','53','','tambah_unit','Unit',1,'2019-09-09 05:04:29'),(13,1,1,155,'Aksesoris','adaptor','Mark','14000','30000','1','123','','','','','','','1','','123','','retur-c','Unit',1,'2019-09-09 05:05:16'),(14,1,1,155,'Aksesoris','adaptor','Mark','14000','30000','1','123','','','','','1','','','10000','122','','retur-gbb','Unit',1,'2019-09-09 05:06:31');
/*!40000 ALTER TABLE `transaction` ENABLE KEYS */;
UNLOCK TABLES;

--
-- Table structure for table `user`
--

DROP TABLE IF EXISTS `user`;
/*!40101 SET @saved_cs_client     = @@character_set_client */;
/*!50503 SET character_set_client = utf8mb4 */;
CREATE TABLE `user` (
  `id` int(11) NOT NULL AUTO_INCREMENT,
  `username` varchar(5) NOT NULL,
  `password` varchar(5) NOT NULL,
  `name` varchar(30) NOT NULL,
  `address` text NOT NULL,
  `hp` varchar(13) NOT NULL,
  `updated_at` datetime NOT NULL DEFAULT CURRENT_TIMESTAMP,
  `deleted_at` datetime DEFAULT NULL,
  PRIMARY KEY (`id`)
) ENGINE=InnoDB AUTO_INCREMENT=2 DEFAULT CHARSET=latin1;
/*!40101 SET character_set_client = @saved_cs_client */;

--
-- Dumping data for table `user`
--

LOCK TABLES `user` WRITE;
/*!40000 ALTER TABLE `user` DISABLE KEYS */;
INSERT INTO `user` VALUES (1,'admin','12345','Administrator','Yogyakarta','082323599596','2019-07-30 18:47:42',NULL);
/*!40000 ALTER TABLE `user` ENABLE KEYS */;
UNLOCK TABLES;

--
-- Table structure for table `user_permission`
--

DROP TABLE IF EXISTS `user_permission`;
/*!40101 SET @saved_cs_client     = @@character_set_client */;
/*!50503 SET character_set_client = utf8mb4 */;
CREATE TABLE `user_permission` (
  `id` int(11) NOT NULL AUTO_INCREMENT,
  `user_id` int(11) NOT NULL,
  `permission_id` int(11) NOT NULL,
  `updated_at` datetime NOT NULL DEFAULT CURRENT_TIMESTAMP,
  PRIMARY KEY (`id`),
  KEY `permission_id` (`permission_id`),
  KEY `user_id` (`user_id`)
) ENGINE=InnoDB AUTO_INCREMENT=62 DEFAULT CHARSET=latin1;
/*!40101 SET character_set_client = @saved_cs_client */;

--
-- Dumping data for table `user_permission`
--

LOCK TABLES `user_permission` WRITE;
/*!40000 ALTER TABLE `user_permission` DISABLE KEYS */;
INSERT INTO `user_permission` VALUES (43,1,1,'2019-09-04 21:24:25'),(44,1,2,'2019-09-04 21:24:25'),(45,1,3,'2019-09-04 21:24:25'),(46,1,4,'2019-09-04 21:24:25'),(47,1,5,'2019-09-04 21:24:25'),(48,1,6,'2019-09-04 21:24:25'),(49,1,7,'2019-09-04 21:24:25'),(50,1,8,'2019-09-04 21:24:25'),(51,1,9,'2019-09-04 21:24:25'),(52,1,10,'2019-09-04 21:24:25'),(53,1,11,'2019-09-04 21:24:25'),(54,1,12,'2019-09-04 21:24:25'),(55,1,13,'2019-09-04 21:24:25'),(56,1,14,'2019-09-04 21:24:25'),(57,1,18,'2019-09-04 21:24:25'),(58,1,19,'2019-09-04 21:24:25'),(59,1,20,'2019-09-04 21:24:25'),(60,1,21,'2019-09-04 21:24:25'),(61,1,22,'2019-09-04 21:24:25');
/*!40000 ALTER TABLE `user_permission` ENABLE KEYS */;
UNLOCK TABLES;
/*!40103 SET TIME_ZONE=@OLD_TIME_ZONE */;

/*!40101 SET SQL_MODE=@OLD_SQL_MODE */;
/*!40014 SET FOREIGN_KEY_CHECKS=@OLD_FOREIGN_KEY_CHECKS */;
/*!40014 SET UNIQUE_CHECKS=@OLD_UNIQUE_CHECKS */;
/*!40101 SET CHARACTER_SET_CLIENT=@OLD_CHARACTER_SET_CLIENT */;
/*!40101 SET CHARACTER_SET_RESULTS=@OLD_CHARACTER_SET_RESULTS */;
/*!40101 SET COLLATION_CONNECTION=@OLD_COLLATION_CONNECTION */;
/*!40111 SET SQL_NOTES=@OLD_SQL_NOTES */;

-- Dump completed on 2020-07-22  0:50:09
